autor,titulo,texto
Augusto dos Anjos,Voz do Infinito,"No excêntrico labor das minhas normas Na Terra, muita vez me consumia Perquirindo nas leis da Biologia As expressões orgânicas das formas. O fenômeno apenas, porque o fundo Do númeno às eternas rutilâncias, Eram partes do Todo nas Substâncias Desde o estado prodrômico do mundo. Com o espírito absconso em paroxismos, No rubro incêndio de batalha acesa, Via Deus adstrito à Natureza, Deus era a lei de eternos transformismos. Concepção panteística, englobando As substâncias todas na Unidade, Perpetuando-se em continuidade, A essência onicriadora reformando. O corpo, desde o embrião inicial, Era um mero atavismo revivendo; A alma era a molécula, sofrendo, Afastada do Todo Universal; Dominava-me todo o medo horrível, Do meu viver, que eu via transtornado: Eu era um átomo individuado Em cerebralidade putrescível. A luz dessa dourada ignorância, E com certezas lógicas, numéricas, Notava as pestilências cadavéricas Iguais à carne Angélica da infância, A sutilez do arminho que se veste, A coroa aromática das flores, Irmanadas aos pútridos fedores De emanações pestíferas da peste! Extravagância e excesso jamais visto, De idéia que esteriliza e desensina, Loucura que igualava Messalina À pureza lirial da Mãe do Cristo. Assim vivi na presunção que via, Dos cumes da Ciência e do saber, Os princípios genéricos do ser, No pantanal da lama em que eu vivia. Vi, porém, a matéria apodrecer, E na individualidade indivisível Ouvi a voz esplêndida e terrível Da luz, na luz etérica a dizer: “Louco, que emerges de apodrecimentos, Alma pobre, esquelético fantasma Que gastaste a energia do teu plasma Em combates estéreis, famulentos... Em teus dias inúteis, foste apenas Um corvo ou sanguessuga de defuntos, Vendo somente a cárie dos conjuntos, Entre as sombras das lágrimas terrenas. Vias os teus iguais, iguais aos odres Onde se guarda o fragmento imundo. De todo o esterco que apavora o mundo E os tóxicos letais dos corpos podres. E tanto viste os corpos e as matérias No esterquilínio generalizados. E os instintos hidrófobos, danados, Em meio de excrescências e misérias Que corrompeste a íntima saúde Da tua alma cegada de amargores, Que na Terra não viu os esplendores E as ignívomas luzes da virtude. Olhos cegos às chamas da bondade De Deus e à divina misericórdia, Que espalha o bem e as auras da concórdia No coração de toda a Humanidade. Descansa, agora, vibrião das ruínas. Esquece o verme, as carnes, os estrumes. Retempera-te em meio dos perfumes Cantando a luz das amplidões divinas.” Calou-se a voz. E sufocando gritos, Filhos do pranto que me espedaçava, Reconheci que a vida continuava Infinita, em eternos infinitos!"
Augusto dos Anjos,Vozes de Uma Sombra,"Donde venho? Das eras remotíssimas, Das substâncias elementaríssimas, Emergindo das cósmicas matérias. Venho dos invisíveis protozoários, Da confusão dos seres embrionários, Das células primevas, das bactérias. Venho da fonte eterna das origens, No turbilhão de todas as vertigens, Em mil transmutações, fundas e enormes; Do silêncio da mônada invisível, Do tetro e fundo abismo, negro e horrível, Vitalizando corpos multiformes. Sei que evolvi e sei que sou oriundo Do trabalho telúrico do mundo, Da Terra no vultoso e imenso abdômen; Sofri, desde as intensas torpitudes Das larvas microscópicas e rudes, A infinita desgraça de ser homem. Na Terra, apenas fui terrível presa, Simbiose da dor e da tristeza, Durante penosíssimos minutos; A dor, essa tirânica incendiária, Abatia-me a vida solitária Como se eu fora bruto entre os mais brutos. Depois, voltei desse laboratório, Onde me revolvi como infusório, Como animálculo medonho, obscuro, Té atingir a evolução dos seres Conscientes de todos os deveres, Descortinando as luzes do futuro. E vejo os meus incógnitos problemas Iguais a horrendos e fatais dilemas, Enigmas insolúveis e profundos; Sombra egressa de lousa dura e fria, Grito ao mundo o meu grito que se alia A todos os anseios gemebundos: – “Homem! por mais que gastes teus fosfatos Não saberás, analisando os fatos, Inda que desintegres energias, A razão do completo e do incompleto, Como é que em homem se transforma o feto Entre os duzentos e setenta dias. A flor da laranjeira, a asa do inseto, Um estafermo e um Tales de Mileto, Como existiram, não perceberás; E nem compreenderás como se opera A mutação do inverno em primavera, E a transubstanciação da guerra em paz; Como vivem o novo e o obsoleto, O ângulo obtuso e o ângulo reto Dentro das linhas da Geometria; A luz de Miguel Angelo nas artes, E o espírito profundo de Descartes No eterno estudo da Filosofia. Porque existem as crianças e os macróbios Nas coletividades dos micróbios Que fazem a vida enferma e a vida sã; Os antigos remédios alopatas E as modernas dosagens homeopatas, Produto da experiência de Hahnemann. A psíquico-análise freudiana Tentando aprofundar a alma humana Com a mais requintadíssima vaidade, E as teorias do Espiritualismo Enchendo os homens todos de otimismo, Mostrando as luzes da imortalidade. Como vive o canário junto ao corvo, O céu iluminado, o inferno torvo Nos absconsos refolhos da consciência; O laconismo e a prolixidade, A atividade e a inatividade, A noite da ignorância e o sol da Ciência. As epidermes e as aponevroses, As grandes atonias e as nevroses, As atrações e as grandes repulsões, Que reunindo os átomos no solo Tecem a evolução de pólo a pólo, Em prodigiosas manifestações; Como os degenerados blastodermas Criam a descendência dos palermas No lupanar das pobres meretrizes, Junto dois palacetes higiênicos, Onde entre gozos fúlgidos e edênicos Cresce a alegre progênie dos felizes. Os lombricóides mínimos, os vermes, Em contraposição com os paquidermes, Assombrosas antíteses no mundo; É o gigante e o germe originário, Os milhões de corpúsculos do ovário, Onde há somente um óvulo fecundo. A alma pura do Cristo e a de Tibério, Vaso de carne podre, o cemitério, E o jardim rescendendo de perfumes; O doloroso e tetro cataclismo Da beleza louçã do organismo, Repleto de dejetos e de estrumes. As coisas substanciais e as coisas ocas, As idéias conexas e as loucas, A teoria cristã e Augusto Comte; E o desconhecido e o devassado, E o que é ilimitado e o limitado Na óptica ilusória do horizonte. Os terrenos povoados e o deserto, Aquilo que está longe e o que está perto; O que não tem sinal e o que tem marca; A funda simpatia e a antipatia, As atrofias e a hipertrofia, Como as tuberculoses e a anasarca. Os fenômenos todos geológicos, Psíquicos, científicos, sociológicos, Que inspiram pavor e inspiram medo, Homem! por mais que a idéia tua gastes, Na solução de todos os contrastes, Não saberás o cósmico segredo. E apesar da teoria mais abstrusa Dessa ciência inicial, confusa, A que se acolhem míseros ateus, Caminharás lutando além da cova, Para a Vida que eterna se renova, Buscando as perfeições do Amor em Deus.”"
Augusto dos Anjos,Voz Humana,"Uma voz. Duas vozes. Outras vozes. Milhões de vozes. Cosmopolitismos. Gritos de feras em paroxismos, Uivando subjugadas e ferozes. É a voz humana em intérminas nevroses, Seja nas concepções dos ateísmos, Ou mesmo vinculada a gnosticismos Nos singultos preagônicos, atrozes. É nessa eterna súplica angustiada Que eu vejo a dor em gozos, insaciada, Nutrir-se de famélicos prazeres. A dor, que gargalhando em nossas dores, É a obreira que tece os esplendores Da evolução onímoda dos seres."
Augusto dos Anjos,Alma,"Nos combates ciclópicos, titânicos, Que eu às vezes na Terra empreendia, Nos vastos campos da Psicologia, Buscava as almas, seres inorgânicos; Nas lágrimas, nos risos e nos pânicos, Nos distúrbios sutis da hipocondria, Nas defectividades da estesia, Nos instintos soezes e tirânicos, Somente achava corpos na existência, E o sangue em continuada efervescência Com impulsos terríficos e tredos. Enceguecido e louco então que eu era, Que não via, dos astros à monera, As luzes d'alma em trágicos segredos."
Augusto dos Anjos,Análise,"Oh! que desdita estranha a de nascermos Nas sombras melancólicas dos ermos, Nos recantos dos mundos inferiores, Onde a luz é penumbra tênue e vaga, Que, sem vigor, fraquíssima, se apaga Ao furacão indômito das dores. Voracidade onde a alma se mergulha, Apoucado Narciso que se orgulha Na profundeza ignota dos abismos Da carne, que, estrambótica, apodrece; Que atrofiada, hipertrófica, parece Cataclismo dos grandes cataclismos. Prendermo-nos ao fogo dos instintos, Serpentes entre escrófulas e helmintos, Multiplicando as lágrimas e os trismos, Tendo a alma – centelha, luz e chama – Amalgamada em pântanos de lama, Em sexualidades e histerismos. Misturarmos clarões de sentimentos Entre vísceras, nervos, tegumentos, Na agregação da carne e dos humores, Atrocidade das atrocidades; Enegrecermos luminosidades Na macabra esterqueira dos tumores. E nisto achar fantásticos prazeres, Ilusão hiperbólica dos seres Bestializados, materializados; Espíritos em ânsias retroativas, No transcorrer das vidas sucessivas, Nas ferezas do instinto, atassalhados. Mas a análise crua do que eu via, Hedionda lição de anatomia, É mais que uma atrevida aberração: Que se quebre o escalpelo de meus versos: Entreguemos a Deus seus universos Que elaboram a eterna evolução."
Augusto dos Anjos,Evolução,"Se devassássemos os labirintos Dos eternos princípios embrionários, A cadeia de impulsos e de instintos, Rudimentos dos seres planetários; Tudo o que a poeira cósmica elabora Em sua atividade interminável, O anseio da vida, a onda sonora, Que percorrem o espaço imensurável; Veríamos o evolver dos elementos, Das origens às súbitas asceses, Transformando-se em luz, em sentimentos, No assombroso prodígio das esteses; No profundo silêncio dos inermes, Inferiores e rudimentares, Nos rochedos, nas plantas e nos vermes, A mesma luz dos corpos estelares! É que, dos invisíveis microcosmos, Ao monólito enorme das idades, Tudo é clarão da evolução do cosmos, Imensidade nas imensidades! Nós já fomos os germes doutras eras, Enjaulados no cárcere das lutas; Viemos do principio das moneras, Buscando as perfeições absolutas."
Augusto dos Anjos,Homo,"Ao meu tétrico olhar abominável, O homem é fruto insólito da ânsia, Heterogeneidades da Substância, Argamassando um Todo miserável. Psique dolorosa e inexpressável Na mais remota epíspase da infância, Desde a mais abscôndita reentrância Da sua embriogenia detestável. Do intravascular princípio informe, Larva repugnante e vermiforme, Nos íntimos recôncavos da placenta. A quietação dos túmulos inermes, Era um feixe de mônadas de vermes, Dissolvidos na terra famulenta. Após a introspecção do Além da Morte, Vendo a terra que os próprios ossos come, Horrente a devorar com sede e fome Minhas carnes em lúbrico transporte, Vi que o “ego” era o alento flâmeo e forte Da luz mental que a morte não consome. Não há luta mavórtica que o dome, Ou venenada lâmina que o corte. Depois da estercorária microbiana, De que o planeta triste se engalana Nas grilhetas do infinitesimal, Volve o Espírito ao páramo celeste, Onde a divina essência se reveste Da substância fluida, universal."
Augusto dos Anjos,Incógnita,"Por que misterioso incompreensível Vomito ainda em náuseas para o mundo Todo o fel, toda a bílis do iracundo, Se eu já não tenho a bílis putrescível? Insondável arcano! por que inundo Meu exótico ser ultra-sensível Em plena luz e atendo ao gosto horrível De apostrofar o pobre corpo imundo? Fluidos teledinâmicos me servem, Transmitindo as idéias que me fervem No cérebro candente, ígneo, em brasa... De que concavidade do Universo Vem-me o açoite flamívomo do verso, Chama da mesma chama que me abrasa?"
Augusto dos Anjos,"“Ego sum"”,"Eu sou quem sou. Extremamente injusto Seria, então, se não vos declarasse, Se vos mentisse, se mistificasse No anonimato, sendo eu o Augusto. Sou eu que, com intelecto de arbusto, Jamais cri, e por mais que o procurasse, Quer com Darwin, com Haeckel, com Laplace, Levantar-me do leito de Procusto. Sou eu, que a rota etérica transponho Com a rapidez fantástica do sonho, Inexprimível nas termologias, O mesmo triste e estrábico produto, Atramente a gemer a mágoa e o luto, Nas mais contrárias idiossincrasias."
Augusto dos Anjos,Dentro da noite,"É noite. À Terra volvo. E, lúcido, entro Em relação com o mundo onde concentro O espírito na queixa atordoadora Da prisioneira, da perpétua grade, – A misérrima e pobre Humanidade, Aterradoramente sofredora! Ausculto a humana dor, que hórrida sinto, D'alma quebrando o cárcere do instinto, Buscando ávida a luz. Por mais que sonde, Mais o enigma do mundo se lhe aviva, Em diferenciação definitiva, Mais a luz desejada se lhe esconde! É o quadro mesológico, tremendo, De tudo o que ficou no abismo horrendo Da tenebrosa noite dos gemidos; São uivos dos instintos jamais hartos, As dores espasmódicas dos partos, A desgraça dos úteros falidos. É a ânsia afrodisíaca das bocas, Que nas bestialidades se unem loucas, Às bactérias mais vis ambas trocando; As dolorosas mágoas dos enfermos, Sentindo-se em seus leitos como em ermos, Deplorando o destino miserando. São os ais dos leprosos desprezados, Tendo os seus organismos devastados Pela fome insaciável dos micróbios, Sentindo os próprios membros carcomidos, Verminados, cruéis, apodrecidos, Plantando a dor no chão dos seus cenóbios... É o grito, o anseio, a lágrima do homem Agrilhoado aos prantos que o consomem, Preso às dores que se lhe agrilhoaram; É a imprecação de todos os lamentos Dentro do mundo de padecimentos, Dos desejos que não se realizaram. Pábulo sou dessa hórrida agonia E nos abismos de hiperestesia Experimento, além das catacumbas, Essa angústia indomável, atrocíssima, Junto da emanação requintadíssima Do ácido sulfídrico das tumbas, Trazendo dentro d'alma, envoltos na ânsia, Asco e dó, piedade e repugnância Pelo espírito e o corpo nauseabundo; E com os meus pensamentos desconexos, Vejo a guerra pestífera dos sexos, Abominando as coisas deste mundo. Terra!... e chegam-me fortes cheiros acres, Como o cheiro de sangue dos massacres, Fétido, coagulado, decomposto, Escorrendo num campo de batalhas Onde as almas se vestem de mortalhas, Desde o sol-posto, ao próximo sol-posto. Apavora-me o horror dessa miséria E fujo da imundície da matéria, Onde traguei meus grandes amargores; Fujo... E ainda transpondo o Azul sereno, Sinto em minhalma o tóxico, o veneno E a desdita dos seres sofredores."
Augusto dos Anjos,Homem-célula,"Homem! célula ainda escravizada Nos turbilhões das lutas cognitivas, Egressa do arsenal de forças vivas Que chamamos – estática do Nada. Sob transformações consecutivas, Vem dessa Origem indeterminada, Onde se oculta a luz indecifrada Dos princípios das luzes coletivas. Vem através do Todo de elementos, Em sucessivos aperfeiçoamentos, Objetivando a personalidade, Até achar à perfeição profunda E indivisível, pura, e se confunda, No transcendentalismo da Unidade."
Augusto dos Anjos,Na imensidade,"Alma humana, alma humana, tu que dormes Entre os grandes colossos desconformes Da carne, essa voraz liberticida, Desse teu escafandro de albuminas, Em tua mesquinhez não imaginas A intensidade esplêndida da Vida! Inda não vês e eu vejo panoramas De luz em gigantescos amalgamas De sóis, nas regiões imensuráveis, Auscultando os espaços mais profundos Na sinfonia harmônica dos mundos, Singrando a luz de céus incomparáveis. Do teu laboratório de arterites, De gangliomas, úlceras, nevrites Ao lado de humaníssimas vaidades, Não podes perceber as ressonâncias, Quinta-essências de todas as substâncias Na fluidez das eletricidades. Aqui não há vertigens de nevróticos, Nem bisonhos aspectos de cloróticos Nas estradas de eternos otimismos! A vida imensa é coro de grandezas, Submersão nas fluídicas belezas, Envergando os etéreos organismos. Ante a minhalma fulgem ideogramas, Pensamentos radiosos como chamas, Combinações no mundo das imagens; São vibrações das almas evolvidas E que, concretizadas e reunidas, Formam luminosíssimas paisagens... Em pleno espaço – Imensidade de ânsias, Sem aritmologias das distâncias, Sem limites, sem número, sem fim. Deus e Pai, ó Artista Inimitável, Deixai meu ser esdrúxulo, execrável, No prolongado e edênico festim!"
Augusto dos Anjos,"“Alter ego”","Da morte estranha que devora as vidas, Eis-me longe dos rudes estertores, Sem guardar os micróbios homicidas De eternos atavismos destruidores. Tenho outro ser talhado pelas dores De minhas pobres células falidas, Que se putrefizeram consumidas Com os seus instintos atordoadores. Não sou o homúnculo da hominal espécie, Da terrígena raça que padece Das mais pungentes heteromorfias. Mas contérmino à carne, que me aterra, Envolvo-me nos fluidos maus da Terra, E sou o espectro das anomalias."
Augusto dos Anjos,Aos fracos da vontade,"Homem, levanta o véu do teu futuro, Troca o prazer sensualista e obscuro Pelo conhecimento da Verdade. Foge do escuro ergástulo do mundo E abandona o Desejo moribundo Pelo poder da tua divindade. Teu corpo é todo um orbe grande e vasto: Livra-o do mal unífero, nefasto, Com a espada resplendente da virtude; Que o sol da tua mente, eterno, esplenda, Dando a teu mundo a mágica oferenda Da alegria em divina plenitude. Deixa o conjunto de ancestralidades Da carne – o eterno símbolo do Hades – Onde o espírito clama, sofre e chora; Deixa que as tuas glândulas do pranto Te salvem do cadinho sacrossanto Da lágrima pungente e redentora. Mas, sobretudo, observa o pensamento, Fonte da força e altíssimo elemento, Em que toda molécula se cria: Da existência ele faz sepulcro abjeto Ou jardim luminoso e predileto, De arcangélicas flores de Harmonia. Ouve-te sempre a ronda do mistério, Mas faze de tua alma um grande império De beleza, de paz e de saúde: Que as tuas agregações moleculares Vivam livres de todos os pesares, Com os tônicos sagrados da Virtude. Tua vontade esclarecida e forte Triunfará das angústias e da morte Além dos planos tristes da matéria, Mas a tua vontade enfraquecida É a meretriz no báratro da vida, Amarrada no catre da miséria!"
Augusto dos Anjos,Ao Homem,"Tu não és força nêurica somente, Movimentando células de argila, Lama de sangue e cal que se aniquila Nos abismos do Nada eternamente; És mais, és muito mais, és a cintila Do Céu, a alma da luz resplandecente, Que um mistério implacável e inclemente Amortalhou na carne atra e intranqüila. Apesar das verdades fisiológicas, Reflexas das ações psicológicas, Nas células primevas da existência, És um ser imortal e responsável, Que tens a liberdade incontestável E as lições da verdade na consciência."
Augusto dos Anjos,Matéria cósmica,"Glória à matéria cósmica, a energia Potencial que dá vida aos elementos, Base de portentosos movimentos Onde a forma se acaba e principia. Sistematização dos argumentos Que elucidam a Teleologia: Dentro da força cósmica se cria A fonte-máter dos conhecimentos. É do mundo o Od ignoto, o éter divino, Onde Deus grava a história do destino Dos seus feitos de Amor no Amor imersos. Livro onde o Criador Inimitável Grava, com o pensamento almo e insondável, Seus poemas de seres e universos."
Augusto dos Anjos,Raça adâmica,"A Civilização traz o gravame Da origem remotíssima dos Arias, Estirpe das escórias planetárias, Segregadas num mundo amargo e infame. Árvore genealógica de párias, Faz-se mister que o cárcere a conclame, Para a reparação e para o exame Dos seus crimes nas quedas milenárias. Foi essa raça podre de miséria Que fez nascer na carne deletéria A esperança nos Céus inesquecidos; Glorificando o instinto e a inteligência, Fez da Terra o brilhante gral da Ciência, Mas um mundo de deuses decaídos."
Augusto dos Anjos,A subconsciência,"Há, sim, a inconsciência prodigiosa Que guarda pequeninas ocorrências De todas as vividas existências Do Espírito que sofre, luta e goza. Ela é a registradora misteriosa Do subjetivismo das essências, Consciência de todas as consciências, Fora de toda a sensação nervosa. Câmara da memória independente Arquiva tudo rigorosamente Sem massas cerebrais organizadas, Que o neurônio oblitera por momentos, Mas que é o conjunto dos conhecimentos Das nossas vidas estratificadas."
Augusto dos Anjos,Espírito,"Busca a Ciência o Ser pelos ossuários, No órgão morto, impassível, atro e mudo; No labor anatômico, no estudo Do germe, em seus impulsos embrionários; Mas só encontra os vermes-funcionários No seu trabalho infame, horrendo e rudo, De consumir as podridões de tudo, Nos seus medonhos ágapes mortuários. No meio triste de cadaverinas Acha-se apenas ruína sobre ruínas, Como o bolor e o mofo sob as heras; A alma que é Vibração, Vida e Essência, Está nas luzes da sobrevivência, No transcendentalismo das esferas."
Augusto dos Anjos,Vida e morte,"A morte é como um fato resultante Das ações de um fenômeno vulgar, Desorganização molecular, Fim das forças do plasma agonizante. Mas a vida a si mesma se garante Na sua eternidade singular, E em sua transcendência vai buscar A luz do espaço, fúlgida e distante! Vida e Morte – fenômenos divinos, Na ascendência de todos os destinos, Do portentoso amor de Deus oriundos... Vida e Morte – presente eterno da ânsia, Ou condição diversa da substância, Que manifesta o espírito nos mundos."
Augusto dos Anjos,Nos véus da carne,"Na ilusão material da carne espúria, Sob o acervo das células taradas, Choram de dor as almas condenadas Ao cárcere de lágrima e penúria. Entre as sombras das míseras estradas, Vê-se a guerra da inveja e da luxúria, Esfacelando com medonha fúria O coração das almas bem formadas. É nesse turbilhão de dor e de ânsia Que o homem procura a eterna substância Da verdade suprema, alta, imortal. Deixando corpos pelos cemitérios, A alma decifra o livro dos mistérios De luz e amor da vida universal."
Augusto dos Anjos,Homem da Terra,"Na sombra abjeta e espessa das estradas, Vive o homem da Terra adormecido, No horrendo pesadelo de um vencido Entre milhões de células cansadas. Prantos sinistros! Loucas gargalhadas, Pavorosos esgares de gemido, E lá vai o fantasma embrutecido Pelas sombras de lôbregas jornadas. Homem da Terra! trágico segredo De miséria, de horror, de ânsia e de medo, Feito à noite de enigma profundo!... Anjo da Sombra, mísero e perverso, És o sentenciado do Universo Na grade organogênica do mundo."
Augusto dos Anjos,Nas sombras,"Bombardeios. Canhões. Trevas. Muralhas. E rasteja o dragão horrendo e informe, Espalhando a miséria e o luto enorme Em miserabilíssimas batalhas. Visões apocalípticas do mal, Desenhadas por corvos vagabundos, Gritam a dor de povos moribundos Na sinistra hecatombe universal. A civilização do desconforto, De mentira e veneno cerebrais, Vai carpindo nos tristes funerais Do seu fausto de sombra, amargo e morto. Quadros de sangue, lágrimas e horrores Avassalam de dor o mundo inteiro, É o triunfo terrível do coveiro, Ossuários tremendos sob as flores. Enquanto a desventura chora inerme, O homem, filosófico ou sem nome, Morre de frio e fel, de sede e fome, Nas vitórias fantásticas do verme. Ai de vós nos abismos da aflição, Sem o raio de luz da crença amiga: Desventurado aquele que prossiga Sem o Cristo de Amor no coração."
Augusto dos Anjos,Confissão,"Também eu, mísero espectro das dores No escafandro das células cativas, Não encontrei a luz das forças vivas, Apesar de ingentíssimos labores. Bem distante, das causas positivas, Na visão dos micróbios destruidores Senti somente angústias e estertores, No turbilhão das sombras negativas. Foi preciso “morrer” no campo inglório, Para encontrar esse laboratório De beleza, verdade e transformismo! A Ciência sincera é grande e augusta, Mas só a Fé, na estrada eterna e justa, Tem a chave do Céu, vencendo o abismo!..."
Augusto dos Anjos,Homem-verme,"Desolação. Terror e morticínio. O homem sôfrego e bruto, de ânsia em ânsia, Sofre agora a sinistra ressonância De sua inclinação para o extermínio. É o doloroso e trágico domínio Do “homo homini lupus” da ignorância, Exaltando a vaidade sem substância, Ídolo podre sobre o esterquilínio. Por toda a parte, escorre o sangue horrível, Ao crepitar de rúbidos incêndios, Sobre a idéia cristã medrando em germe. Em quase tudo, o pântano terrível, De lodo e lama, em sombra e vilipêndios, Atestando as vitórias do homem-verme!"
Augusto dos Anjos,Gratidão a Leopoldina,"Sem o vulcão de dor de hórridas lavas, Beija, Augusto, este solo generoso, Que te guardou no seio carinhoso O escafandro das células escravas. Aqui, buscaste o campo de repouso, Depois das vagas ríspidas e bravas No mundo áspero e vão, que detestavas, E onde sorveste o cálice amargoso. Volta, Augusto, do pó que envolve as tumbas, Proclama a vida além das catacumbas, Nas maravilhas de seus resplendores. Ajoelha-te e lembra o último abrigo, Esquece o travo do tormento antigo E oscula a destra de teus benfeitores."
Augusto dos Anjos,Civilização em ruínas,"Todo o mundo moderno horrendo, em ruínas, Deixa agora escapar o horrendo fruto De miséria e de dor, de pranto e luto, Feito de sânie e de cadaverinas. Em vão, sobre o Calvário áspero e bruto, Sangrou Jesus em lágrimas divinas, Sob as ofensas torpes e tigrinas A tentarem-lhe o espírito incorruto. Saturada de treva, angústia e pena, A Civilização que se condena Suicida-se num báratro profundo... Porque na luz dos círculos da Terra, Nos turbilhões fatídicos da guerra, Ainda é Caim que impera sobre o mundo."
Augusto dos Anjos,A Lei,"Em reflexões misérrimas, absorto, Raciocinava: – “O último tormento É regressar à carne e ao sofrimento Sem o triste fenômeno do aborto! ... Toda a amargura d'alma é o desconforto De retornar ao corpo famulento, E apagar toda a luz do pensamento Nas células de um mundo amargo e morto!...“ Mas, uma voz da luz dos grandes mundos, Em conceitos sublimes e profundos, Respondeu-lhe em acentos colossais: – “Verme que volves dos esterquilínios, Cessa a miséria de teus raciocínios, Não insultes as leis universais.”"
Augusto dos Anjos,A um observador materialista,"Busca o talão dos velhos calendários. Desde o instante infeliz de Adão e Eva, Encontrarás teus gritos solitários, Enfrentando o pavor da mesma treva. Sempre a dúvida estranha que se ceva De terríveis problemas multifários, O mistério da célula primeva, Os impulsos dos sonhos embrionários. Pára, amigo... Não sigas na consulta: O detalhe anatômico te insulta, A molécula morta desafia. Se não tens coração que aceite a crença, Espera a mão da morte excelsa, e pensa, Que a carne volve ao pó, exangue e fria."
Augusto dos Anjos,Ante o Calvário,"Da terra do Calvário ardente e adusta, Entre prantos pungentes, o Cordeiro Da Verdade e da Luz do mundo inteiro Vive o martírio de sua alma augusta. Sobre a cruz infamérrima se ajusta A crueldade do espírito rasteiro Do homem, que é sempre o tigre carniceiro, Enquanto grita a turba ignara e injusta. Depois de vinte séculos ingratos, Multiplicando Herodes e Pilatos, Correm de novo as lágrimas divinas; Pois, embora o Direito, o Livro e a Toga, A Humanidade triste inda se afoga No sangue escuro das carnificinas."
Augusto dos Anjos,Atualidade,"Torna Caim ao fausto do proscênio. A Civilização regressa à taba. A força primitiva menoscaba A evolução onímoda do Gênio. Trevas. Canhões. Apaga-se o milênio. A construção dos séculos desaba. Ressurge o crânio do morubixaba Na cultura da bomba de hidrogênio. Mas, acima do império amargo e exangue Do homem perdido em pântanos de sangue, Novo sol banha o pélago profundo. É Jesus que, através da tempestade, Traz ao berço da Nova Humanidade A consciência cósmica do mundo."
Olavo Bilac,Jesus ou Barrabás?,"Sobre a fronte da turba há um sussurro abafado. A multidão inteira, ansiosa se congrega, Surda à lição do amor, implacável e cega, Para a consumação dos festins do pecado. “Crucificai-o!” – exclama... Um lamento lhe chega Da Terra que soluça e do Céu desprezado. “Jesus ou Barrabás?” – pergunta, inquire o brado Da justiça sem Deus, que trêmula se entrega. Jesus! Jesus!... Jesus!... – e a resposta perpassa Como um sopro cruel do Aquilão da desgraça, Sem que o Anjo da Paz amaldiçoe ou gema... E debaixo do apodo e ensangüentada a face, Toma da cruz da dor para que a dor ficasse Como a glória da vida e a vitória suprema."
Olavo Bilac,Soneto,"Por tanto tempo andei faminto e errante, Que os prazeres da vida converti-os Em poemas das formas, em sombrios Pesadelos da carne palpitante. No derradeiro sono, instante a instante, Vi fanarem-se anseios como fios De ilusão transformada em sopros frios, Sobre o meu peito em febre, vacilante. Morte, no teu portal a alma tateia, Espia, inquire, sonda e chora, cheia De incerteza na esfinge que tu plasmas!. Impassível, descerras aos aflitos Uma visão de mundos infinitos E uma ronda infinita de fantasmas."
Olavo Bilac,No Horto,"Tristemente, Jesus fitando os céus, em prece, Vê descer da amplidão o Arcanjo da Agonia, Cuja mão luminosa e terna lhe trazia O cálix do amargor, duríssimo e refece. – “Se puderdes, meu Pai, afastai-o!...” – dizia, Mas eis que todo o Azul celígeno estremece; E do céu se desprende uma doirada messe De bênçãos aurorais, de Paz e de Alegria. Paira em todo o recanto a vibração sonora Do Amor e o Mestre já na sede que o devora, De imolar-se por fim nas aras desse Amor, Sente a Mão Paternal que o guia na amargura, E sublime na fé mais vivida, murmura: – “Que se cumpra no mundo o arbítrio do Senhor!...”"
Olavo Bilac,O beijo de Judas,"Ouve-se a voz do Mestre ungida de ternura: - “Amados, eu vos dou meus últimos ensinos; Na doce mansidão dos seres pequeninos, Trazei a vossa vida imaculada e pura! O Amor há de vos dar todos os dons divinos; Eterna irradiação que atinge a mais escura Estrada de aflição, de dor e desventura, – Raio de eterno sol na senda dos destinos. Derramai com piedade a lágrima terrestre!” Mas eis que Judas chega e lhe diz: – “Salve, Mestre!” E toma-lhe das mãos, osculando-lhe a fronte... E Jesus abençoando aquelas almas cegas, Responde humildemente: – “É assim que tu me entregas?” Vendo as coortes do Céu nas fímbrias do horizonte..."
Olavo Bilac,A crucificação,"Fita o Mestre, da cruz, a multidão fremente, A negra multidão de seres que ainda ama. Sobre tudo se estende o raio dessa chama, Que lhe mana da luz do olhar clarividente. Gritos e altercações! Jesus, amargamente, Contempla a vastidão celeste que o reclama; Sob os gládios da dor aspérrima, derrama As lágrimas de fel do pranto mais ardente. Soluça no silêncio. Alma doce e submissa, E em vez de suplicar a Deus para a injustiça O fogo destruidor em tormentos que arrasem, Lança os marcos da luz na noite primitiva, E clama para os Céus em prece compassiva: “– Perdoai-lhes, meu Pai, não sabem o que fazem!.. .“"
Olavo Bilac,Aos descrentes,"Vós, que seguis a turba desvairada, As hostes dos descrentes e dos loucos, Que de olhos cegos e de ouvidos moucos Estão longe da senda iluminada, Retrocedei dos vossos mundos ocos, Começai outra vida em nova estrada, Sem a idéia falas do grande Nada, Que entorpece, envenena e mata aos poucos. Ó ateus como eu fui – na sombra imensa Erguei de novo o eterno altar da crença, Da fé viva, sem cárcere mesquinho! Banhai-vos na divina claridade Que promana das luzes da Verdade, Sol eterno na glória do caminho!"
Olavo Bilac,Ideal,"Na Terra um sonho eterno de beleza Palpita em todo o espírito que, ansioso, Espera a luz esplêndida do gozo Das sínteses de amor da Natureza; É ansiedade perpetuamente acesa No turbilhão medonho e tenebroso Da carne, onde a esperança sem repouso Luta, sofre e soluça, e sonha presa. Aspirações do mundo miserando, Guardadas com ternura, com desvelos, Nas lágrimas de dor do peito aflito!... Mas que o homem realiza apenas, quando, Rotas as carnes, brancos os cabelos, Sente o beijo de glória do Infinito!..."
Olavo Bilac,Ressurreição,"Extinga-se o calor do foco aurifulgente Do Sol que vivifica o Mundo e a Natureza; Apague-se o fulgor de tudo o que alma presa As grilhetas do corpo, adora, anela e sente; Tombe no caos do nada, em túrgida surpresa, O que o homem pensou num sonho de demente, Os mistérios da fé, fulcro de luz potente, O templo, o lar, a lei, os tronos e a realeza; Estertore e soluce exausto e moribundo, Debilmente pulsando, o coração do mundo, Morto à mingua de luz, ambicionando a glória; O Espírito imortal, depois das derrocadas, Numa ressurreição de eternas alvoradas, Subirá para Deus num canto de vitória."
Olavo Bilac,O Livro,"Ei-lo! Facho de amor que, redivivo, assoma Desde a taba feroz em folhas de granito, Da Índia misteriosa e dos louros do Egito Ao fausto senhoril de Cartago e de Roma! Vaso revelador retendo o excelso aroma Do pensamento a erguer-se esplêndido e bendito, O Livro é o coração do tempo no Infinito, Em que a idéia imortal se renova e retoma. Companheiro fiel da virtude e da História, Guia das gerações na vida transitória, É o nume apostolar que governa o destino; Com Hermes e Moisés, com Zoroastro e Buda, Pensa, corrige, ensina, experimenta, estuda, E brilha com Jesus no Evangelho Divino."
Olavo Bilac,Brasil,"Desde o Nilo famoso, aberto ao sol da graça, Da virtude ateniense à grandeza espartana, O anjo triste da paz chora e se desengana, Em vão plantando o amor que o ódio despedaça, Tribos, tronos, nações... tudo se esfuma e passa. Mas o torvo dragão da guerra soberana Ruge, fere, destrói e se alteia e se ufana, Disputando o poder e denegrindo a raça. Eis, porém, que o Senhor, na América nascente, Acende nova luz em novo continente Para a restauração do homem exausto e velho. E aparece o Brasil que, valoroso, avança, Encerrando consigo, em láureas de esperança, O Coração do Mundo e a Pátria do Evangelho."
Castro Alves,Marchemos!,"Há mistérios peregrinos No mistério dos destinos Que nos mandam renascer: Da luz do Criador nascemos, Múltiplas vidas vivemos, Para à mesma luz volver. Buscamos na Humanidade As verdades da Verdade, Sedentos de paz e amor; E em meio dos mortos-vivos Somos míseros cativos Da iniqüidade e da dor. É a luta eterna e bendita, Em que o Espírito se agita Na trama da evolução; Oficina onde a alma presa Forja a luz, forja a grandeza Da sublime perfeição. É a gota d'água caindo No arbusto que vai subindo, Pleno de seiva e verdor; O fragmento do estrume, Que se transforma em perfume Na corola de uma flor. A flor que, terna, expirando, Cai ao solo fecundando O chão duro que produz, Deixando um aroma leve Na aragem que passa breve, Nas madrugadas de luz. É a rija bigorna, o malho, Pelas fainas do trabalho, A enxada fazendo o pão; O escopro dos escultores Transformando a pedra em flores, Em Carraras de eleição. É a dor que através dos anos, Dos algozes, dos tiranos, Anjos puríssimos faz, Transmutando os Neros rudes Em arautos de virtudes, Em mensageiros de paz. Tudo evolui, tudo sonha Na imortal ânsia risonha De mais subir, mais galgar; A vida é luz, esplendor, Deus somente é o seu amor, O Universo é o seu altar. Na Terra, às vezes se acendem Radiosos faróis que esplendem Dentro das trevas mortais; Suas rútilas passagens Deixam fulgores, imagens, Em reflexos perenais. É o sofrimento do Cristo, Portentoso, jamais visto, No sacrifício da cruz, Sintetizando a piedade, E cujo amor à Verdade Nenhuma pena traduz. É Sócrates e a cicuta, É César trazendo a luta, Tirânico e lutador; É Cellini com sua arte, Ou o sabre de Bonaparte, O grande conquistador. É Anchieta dominando, A ensinar catequizando O selvagem infeliz; É a lição da humildade, De extremosa caridade Do pobrezinho de Assis. Oh! bendito quem ensina, Quem luta, quem ilumina, Quem o bem e a luz semeia Nas fainas do evolutir: Terá a ventura que anseia. Nas sendas do progredir. Uma excelsa voz ressoa, No Universo inteiro ecoa: “Para a frente caminhai! “O amor é a luz que se alcança, “Tende fé, tende esperança, “Para o Infinito marchai!”"
Castro Alves,A Morte,"No extremo pólo da vida Diz a Morte: – “Humanidade, Sou a espada da Verdade E a Têmis do mundo sou; Sou balança do destino, O fiel desconhecido, Lanço Cômodo no olvido E aureolo a fronte de Hugo! O cronômetro dos séculos Não me torna envelhecida; Sou morte – origem da vida, Prêmio ou gládio vingador. Sou anjo dos desgraçados Que seguem na Terra errantes, Desnorteados viajantes Dos Niágaras da dor! Também sou braço potente Dos déspotas e opressores, Que trazem os sofredores No jugo da escravidão; Aos bons, sou compensação, Consolo e alívio aos precitos, E nos maus aumento os gritos De dores e maldição. Sepultura do presente, Do porvir sou plenitude, Da alegria sou saúde E do remorso o amargor. Sou águia libertadora Que abre, sobre as descrenças, O manto das trevas densas, E sobre a crença o esplendor. Desde as eras mais remotas Coso láureas e mortalhas, E sobre a dor das batalhas Minha asa sempre pairou; Meu verbo é a lei da Justiça, Meu sonho é a evolução; Meu braço – a revolução, Austerlitz e Waterloo. Homem, ouve-me; se às vezes Simbolizo a guilhotina, Minha mão abre a cortina Que torna o mistério em luz; E por trabalhar com Deus, Na absoluta eqüidade, Sou prisão ou liberdade, Nova aurora ou nova cruz. Se o cristal que imita o céu Da consciência tranqüila É o luzeiro que cintila Na noite do teu viver, Oásis – dou-te o repouso, Estrela – estendo-te lume, Flor – oferto-te perfume, Luz da vida – dou-te o ser! Mas, também se a tirania Arvora-se em lei na Terra, Eu mando a noite da guerra Fazer o sol do porvir; Arremesso a minha espada, Ateio fogo aos canhões, Faço cair as nações Como fiz Roma cair. Foi assim que fiz um dia, Ao ver o trono imperfeito Estrangulando o Direito; Busquei Danton, Mirabeau... E junto ao vulto de Têmis Tomei o carro de Jove, E fiz o Oitenta e Nove Quando a França me ajudou. Então, implacavelmente, Fiz a Europa ensangüentada Ajoelhar-se humilhada, Diante de tanto horror. Das cidades fiz ossuários, Dos campos Saaras ardentes, Trucidei réus inocentes, Apaguei a luz do amor, Até que um dia o Criador Sempre amoroso e clemente, Que jamais teve presente, Nem passado nem porvir, Bradou do cume dos céus Num grito piedoso e forte: “Não prossigas! Basta, Morte, Agora é reconstruir.” Portanto, homem, se tens Por bússola o Bem na vida, Olha o Sol de fronte erguida, Espera-me com fervor. Abrir-te-ei meus tesouros, Serei tua doce amante, Cujo seio palpitante Guardar-te-á – paz e amor. Se às vezes se te afigura Que sou a foice impiedosa, Horrenda, fria, orgulhosa, Que espedaça os teus heróis, Verás que sou a mão terna Que rasga abismos profundos, E mostra biliões de mundos, E mostra biliões de sóis. Conduzo seres aos Céus, À luz da realidade; Sou ave da liberdade Que ao lodo da escravidão Venho arrancar os espíritos, Elevando-os às alturas: Dou corpos às sepulturas, Dou almas para a amplidão!” A Morte é transformação, Tudo em seu seio revive: Esparta, Tebas, Nínive, Em queda descomunal, Revivem na velha Europa; E como faz às cidades, Remodela humanidades No progresso universal."
Cruz e Souza,Ansiedade,"Todo esse anseio que tortura o peito, Estrangulando a voz exausta e rouca, Que em cada canto estruge e em cada boca Faz o soluço do ideal desfeito; Ansiedade fatal de que se touca A alma do homem mau e do perfeito, Sobe da Terra pelo espaço eleito, Numa imensa espiral, estranha e louca, Formando a rede eterna e incompreendida, Das ilusões, dos risos, das quimeras, Das dores e da lágrima incontida; Essa ansiedade é a mão de Deus nas eras, Sustentando o fulgor da luz da Vida, No turbilhão de todas as esferas!..."
Cruz e Souza,Heróis,"Esses seres que passam pelas dores, As geenas do pranto acorrentados, Aluviões de peitos sofredores, No turbilhão dos grandes desgraçados; Corações a sangrar, ermos de amores, Revestidos de acúleos acerados, Nutrindo a luz dos sonhos superiores Nos ideais maiores esfaimados; Esses pobres que o mundo considera Os humanos farrapos dos vencidos, Prisioneiros da angústia e da quimera, São os heróis das lutas torturantes, Que são, sendo na Terra os esquecidos, Coroados nas Luzes Deslumbrantes!"
Cruz e Souza,Aos torturados,"Torturados da vida, um passo adiante, Nos desertos dos áridos caminhos, Abandonados, trêmulos, sozinhos, Infelizes na dor a cada instante! Sobre a luz que vos guia, bruxuleante, E além dos trilhos de ásperos espinhos, Fulgem no Além os deslumbrantes ninhos, Mundos de amor no claro azul distante... Chorai! que a imensidade inteira chora, Sonhando a mesma luz e a mesma aurora Que idealizais chorando nas algemas! Vibrai no mesmo anseio em que palpita A alma universal, sonhando, aflita, As perfeições eternas e supremas!"
Cruz e Souza,A sepultura,"Como a orquídea de arminho quando nasce, Sobre a lama ascorosa refulgindo, A brancura das pétalas abrindo, Como se a neve alvíssima a orvalhasse; Qual essa flor fragrante, como a face Dum querubim angélico sorrindo, Do monturo pestífero emergindo, Luz que sobre negrumes se avistasse; Assim também do túmulo asqueroso, Evola-se a essência luminosa Da alma que busca o céu maravilhoso; E como o lodo é o berço vil de flores, A sepultura fria e tenebrosa É o berço de almas – senda de esplendores."
Cruz e Souza,Anjos da Paz,"Ó luminosas formas alvadias Que desceis dos espaços constelados Para lenir a dor dos desgraçados Que sofrem nas terrenas gemonias! Vindes de ignotas luzes erradias, De lindos firmamentos estrelados, Céus distantes que vemos, dominados De esperanças, anseios e alegrias. Anjos da Paz, radiosas formas claras, Doces visões de etéricos carraras De que o espaço fúlgido se estrela! Clarificai as noites mais escuras Que pesam sobre a terra de amarguras, Com a alvorada da Paz, ditosa e bela!"
Cruz e Souza,Alma livre,"Um soluço divino de alegria Percorre a todo Espírito liberto Das pesadas cadeias do deserto, Desse mundo de sombra e de agonia. A alma livre contempla o novo dia, Longe das dores do passado incerto, Mergulhada no esplêndido concerto De outros mundos, que a luz acaricia! Alma liberta, redimida e pura, Vê a aurora depois da noite escura, Numa visão mirífica, superna... Penetra o mundo da imortalidade, Entre canções de luz e liberdade, Forçando as portas da Beleza Eterna."
Cruz e Souza,"“Gloria victis”","Glória a todas as almas obscuras Que caíram exânimes na estrada, Onde a pobre esperança abandonada Morre chorando sob as desventuras. Glória à pobre criatura desprezada, Glória aos milhões de todas as criaturas, Sob a noite das grandes amarguras, Sem conhecer a luz de uma alvorada. Glória Victis! Hosana aos desgraçados Que tombaram sem vida, aniquilados, Nos sofrimentos purificadores; Que o Céu é a pátria eterna dos vencidos, Onde aportam ditosos, redimidos, Como heróis dos deveres e das dores!"
Cruz e Souza,Nossa mensagem,"Essa mensagem de esperança e vida Que endereçamos da imortalidade, É a lição luminosa da Verdade Que a Humanidade espera comovida. Guardai a voz da Terra Prometida, Nos exílios do pranto e da saudade; Conservai essa vaga claridade Da luz da eternidade indefinida. Todo o nosso trabalho objetiva Dar-vos a fé, a crença persuasiva Nos caminhos da prova dolorosa. Sabei vencer entre as vicissitudes, Como arautos de todas as virtudes, Sobre as ressurreições da alma gloriosa."
Cruz e Souza,Oração aos libertos,"Alma embriagada do imortal falerno, Segue cantando, no horizonte claro, O teu destino esplendoroso e raro, Cheio das luzes do porvir eterno. Mas não te esqueças desse mundo avaro, O escuro abismo, o tormentoso Averno, Sem as doces carícias do galerno Das esperanças – sacrossanto amparo. Volve os teus olhos ternos, compassivos, Para os pobres Espíritos cativos As grilhetas do corpo miserando! Abre os sacrários da Felicidade, Mas lembra-te do orbe da impiedade, Onde venceste a carne soluçando."
Cruz e Souza,Céu,"Há um céu para o Espírito que luta No oceano dos prantos salvadores, Céu repleto de vida e de fulgores, Que coroa de luz a alma impoluta. A canção da vitória ali se escuta, Da alma livre das penas e das dores, Que faz da vida a rede de esplendores, Na paz quase integral e absoluta. Considerai, ó pobres caminheiros, Que na Terra viveis como estrangeiros, De alma ofegante e coração aflito: Considerai, fitando a imensa altura, Os deslumbrantes orbes da ventura Por entre os sóis suspensos no Infinito!"
Cruz e Souza,Aos tristes,"Alma triste e infeliz que se tortura No tormento que punge e dilacera, Para quem nunca trouxe a Primavera Dos seus pomos dourados de ventura; Sou teu irmão, e intrépido quisera Trazer-te a luz que esplende pela Altura, Afastando essa dor que te amargura Nas ansiedades de uma longa espera. Mas há quem guarde as gotas do teu pranto No tesouro sublime e sacrossanto Dos arcanos de luz da Divindade! Há quem te faça ver as cores do íris Da fagueira. esperança, até partires Nas asas brancas da Felicidade."
Cruz e Souza,Beleza da morte,"Há no estertor da morte uma beleza Transcendente, ignota, luminosa. Beleza sossegada e silenciosa, Da Luz branca da Paz, trêmula e acesa. É o augusto momento em que a alma, presa Às cadeias da carne tenebrosa, Abandona a prisão, dorida e ansiosa, Sentindo a vida de outra natureza. Um mistério divino há nesse instante, No qual o corpo morre e a alma vibrante Foge da noite das melancolias! No silêncio de cada moribundo, Há a promessa de vida em outro mundo, Na mais sagrada das hierarquias."
Cruz e Souza,Mensageiro,"Abri minhalma para os sofredores Na vastidão serena dos Espaços, Eu que na Terra tive sempre os braços Presos à cruz tantálica das dores. Epopéias de Sons e de Esplendores, E os prazeres mais pobres, mais escassos, E o mistério dos célicos abraços, Dos Perfumes, das Preces e das Cores; Tudo isso não vejo e vejo apenas O turbilhão das lágrimas terrenas – Taça imensa de gotas amargosas! Da piedade e do amor eu trago o círio, Para afastar as trevas do martírio Do silêncio das noites tenebrosas."
Cruz e Souza,Se queres,"Se queres a ventura doce, etérea, De outro mundo de luz, indefinido, Serás na Terra o filho incompreendido Do Tormento casado com a Miséria. Viverás na mansão triste, funérea, Do Soluço, do Pranto, do Gemido; Dos prazeres mundanos esquecido, Outro Job pelas chagas da matéria. Serás em toda a Terra o feio aborto Das amarguras e do desconforto, Encarcerado nas sinistras grades; Mas um dia abrirás as portas de ouro E encontrarás o fúlgido tesouro, De benditas e eternas claridades."
Cruz e Souza,À dor,"Dor, és tu que resgatas, que redimes Os grandes réus, os míseros culpados, Os calcetas dos erros, dos pecados, Que surgem do pretérito de crimes. Sob os teus pulsos, fortes e sublimes, Sofri na Terra junto aos condenados, Seres escarnecidos, torturados, Entre as prisões da Lágrima que exprimes! Da perfeição és o sagrado Verbo, Ó portadora do tormento acerbo, Aferidora da Justiça Extrema... Bendita a hora em que me pus à espera De ser, em vez do réprobo que eu era, O missionário dessa Dor suprema!"
Cruz e Souza,Noutras eras,"Também marchei pelas estradas flóreas, Cheias de risos e de pedrarias; Onde todas as horas dos meus dias Eram hinos de esplêndidas vitórias. Tive um passado fúlgido de glórias, De maravilhas de ouro e de alegrias, Sem reparar, porém, noutras sombrias Sendas tristes, das dores meritórias. E abusei dos deveres soberanos Sucumbindo aos terríveis desenganos Do destino cruel, fatal e avaro; Para encontrar-me a sós no mesmo horto Que deixara, sem luz e sem conforto, Sentindo as dores desse desamparo."
Cruz e Souza,Sofre,"Toda a dor que na vida padeceres, Todo o fel que tragares, todo o pranto, Ser-te-ão como trevas, e, entretanto, Serás pobre de luz se não sofreres. É que dos sofrimentos nasce o canto De alegria dos mundos e dos seres, Pois que a dor é a saúde dos prazeres, O hino da luz, misterioso e santo. Doma o teu coração, e, no silêncio, Foge à revolta, humilha-o, dobra-o, vence-o, Chorando a mesma dor que o mundo chora; Abre a tua consciência para as luzes E, no mundo que o mal encheu de cruzes, Do Bem encontrarás a eterna aurora."
Cruz e Souza,Exaltação,"Harmonias do Som, vibrai nos ares, Nos horizontes, nas atmosferas; Exaltai minhas dores de outras eras, Meus passados, recônditos pesares. Desdobrai-vos luzeiros estelares, Sobre o aroma das novas primaveras; Cantem no mundo todas as quimeras, Aves e flores, amplidões e mares! Vibrai comigo, multidões de seres, Na concretização desses prazeres Do meu sonho de luzes e universos... Exaltai-vos na vida de minhalma, E na grandeza infinda que se espalma Sobre a glória sublime dos meus versos!"
Cruz e Souza,Vozes,"Há sobre os prantos, há sobre as humanas Vozes que se lamentam nas torturas, Outras vozes mais doces e mais puras, Como um coro dulcíssimo de hosanas. As primeiras são feitas de amarguras, As segundas, de bênçãos soberanas, Sobre as dores sagradas ou profanas Que pululam nas sendas mais escuras. Sobe da Terra a queixa soluçando, Silenciosa, muda, suplicando, Remontando aos Espaços constelados; Desce dos Céus a voz amiga e mansa, Fortificando a vida da Esperança – Patrimônio dos seres desgraçados."
Cruz e Souza,Soneto,"Nos labirintos dessa eternidade Que nós vivemos luminosa e pura, A alma vive na intérmina procura Do filão de ouro da felicidade. Quanto mais sofre, tanto mais se apura No pensamento excelso da Verdade, Vendo na auréola da Imortalidade A alvorada risonha da ventura. E ao fim de cada noite tormentosa, Que é a existência na prova dolorosa, Canta e vibra num dia de bonança. Em torno da Verdade a alma gravita Buscando a Perfeição pura, infinita, Nessa jornada eterna da Esperança."
Cruz e Souza,Glória da Dor,"Para aquém dessas cruzes esquecidas Nas sepulturas ermas e desertas, Há o turbilhão frenético das vidas Sobre as estradas ásperas, incertas... Inda há sânie das úlceras abertas No coração das almas combalidas, Gozadores de outrora entre as refertas Das ilusões que tombam fenecidas. Só uma glória mirífica perdura Concretizando os sonhos da criatura Cheia de crenças e de cicatrizes: É a vitória da Dor que aperfeiçoa, Luminosa e divina, humilde e boa, Glória da Dor, que é pão dos infelizes."
Cruz e Souza,Quanta vez,"Quanta vez eu fitei essas fronteiras, Horizontes, estrelas, firmamentos, Presa de sonhos e estremecimentos De esperança, nas horas derradeiras!... Ah! meus longínquos arrebatamentos, Amarguras e dores e canseiras, Que vos fostes nas lágrimas ligeiras, Como folhas levadas pelos ventos... Quanta vez, abafando os meus soluços, Como o errado viajor que cai de bruços Sobre a íngreme estrada da agonia, Ensináveis-me a ler a Bíblia santa Desta vida imortal que se levanta Numa alvorada eterna de alegria!"
Cruz e Souza,Ide e pregai,"Vós que tendes as rosas da bonança Enlaçadas na fé mais doce e pura, Ide e pregai, na noite da amargura, O evangelho do amor e da esperança. Toda luz da verdade que se alcança É um reduto de paz firme e segura: Dai dessa paz a toda criatura, Sobre a qual vossa vida já descansa. Espalhai os clarões da vossa crença Na pedregosa estrada dessa imensa Turba de irmãos famintos, torturados! Conduzi a mensagem luminosa Da caridade, lúcida e piedosa, Redentora de todos os pecados."
Cruz e Souza,Caridade,"Caridade é a mão terna e compassiva Que ampara os bons e aos maus ama e perdoa, Misericórdia, a qual para ser boa, De bens paradisíacos se priva. Mão radiosa, que traz a verde oliva Da paz, que acaricia e que abençoa, Voz da eterna verdade que ressoa Por toda a parte, promissora e ativa. A caridade é o símbolo da chave Que abre as portas do céu claro e suave, Das consciências libertas da impureza; É a vibração do espírito divino, Em seu labor fecundo e peregrino, Manifestando as glórias da Beleza!."
Cruz e Souza,Renúncia,"Renuncia a ti mesmo! Renuncia À mundana e efêmera vaidade: Que em ti sintas a dúlcida piedade Que as desgraças alheias alivia. Do homem, esquece a lúrida maldade, Prosseguindo na estrada luzidia. E denodadamente engendra e cria Teu próprio mundo de felicidade! Parte o teu coração em mil fragmentos, Ofertando-os ao mundo que te odeia, Com a bondade mais pródiga e mais pura. Não olvides em meio dos tormentos: – Renunciar em bem da dor alheia, É ter no Além castelos de ventura."
Cruz e Souza,Tudo vaidade,"Na Terra a morte é o trágico resumo De vanglórias, de orgulhos e de raças; Tudo no mundo passa, como passas, Entre as aluviões de cinza e fumo. Todo o sonho carnal vaga sem rumo, Só o diamante do espírito sem jaças Fica indene de todas as desgraças, De que a morte voraz faz seu consumo. Nesse mundo de lutas fratricidas, A vida se alimenta de outras vidas, Num contínuo combate pavoroso; Só a Morte abre a porta das mudanças E concretiza as puras esperanças Nos países seráficos do gozo!"
Cruz e Souza,Ouvi-me,"Ó vós que ides marchando, almas sedentas De paz, de amor, de luz, sob as maiores Desventuras do mundo, sob as dores De misérias, batalhas e tormentas... Também senti as emoções violentas Que palpitam nos peitos sonhadores, E sustentei, varado de amargores, Surdas batalhas, rudes e incruentas. Também vivi as lágrimas obscuras, Iguais às vossas, míseras criaturas, Que tombais nos caminhos sem dizê-las! Exultai, que uma vida eterna e grande, Além da morte, esplêndida se expande No coração sublime das estrelas!..."
Cruz e Souza,Felizes os que têm Deus,"Entre esse mundo de apodrecimento E a vida de alma livre, de alma pura, Ainda se encontra a imensidade escura Das fronteiras de cinza e esquecimento. Só o pensador que sofre e anda à procura Da verdade e da luz no sentimento, Pode guardar esse deslumbramento Da Fé – fonte de mística ventura. Feliz o que tem Deus nessa batalha Da miséria terrena, que estraçalha Todo o anseio de amor ou de bonança!... Venturoso o que vai por entre as dores Atravessando o oceano de amargores, No bergantim sagrado da Esperança."
Cruz e Souza,Glória aos humildes,"Ai da. ambição do mundo, ai da vaidade Que se mergulham sob a noite escura, Noite de dor que além da sepultura Nos afasta da vida e da verdade. Só o caminho divino da humildade Pode ofertar a luz radiosa e pura, Que vem salvar a mísera criatura Confundida no abismo da impiedade. Pobres da Terra, seres infelizes, Cheios de prantos e de cicatrizes, Levantai vosso olhar sereno e forte. Não maldigais a ulceração da algema, E esperai a vitória alta e suprema, Que Jesus vos prepara além da morte."
Cruz e Souza,Aos trabalhadores do Evangelho,"Há uma falange de trabalhadores, Espalhada nas sendas do Infinito, Desde as sombras do mundo amargo e aflito Aos espaços de eternos resplendores. É a caravana de batalhadores Que, no esforço do amor puro e bendito, Rompe algemas de trevas e granito, Aliviando os seres sofredores. Vós que sois, sobre a Terra, os companheiros Dessa falange lúcida de obreiros, Guardai-lhe a sacrossanta claridade; Não vos importe o espinho ingrato e acerbo, Na palavra e nos atos, sede o Verbo De afirmações da Luz e da Verdade."
Auta de Souza,Almas dilaceradas,"Quando, em dores, na Terra inda, vivia Caminhando em aspérrimas estradas, Via presas do pranto e da agonia, Almas feridas e dilaceradas. Escutava a miséria que gemia Dentro da noite de ânsias torturadas, Treva espessa da senda tão sombria Das criaturas desesperançadas. E eu, que era irmã dos grandes sofredores, Sofria, crendo que tais amargores Encontrariam termos desejados. E confiada na crença que tivera, Cheguei à luz da eterna primavera, Onde há paz para os pobres desgraçados."
Auta de Souza,Contrastes,"Existe tanta dor desconhecida Ferindo as almas pelo mundo em fora, Tanto amargor de espírito que chora Em cansaços nas lutas pela vida; E há também os reflexos da aurora De ventura, que torna a alma florida, A alegria fulgente e estremecida, Aureolada de luz confortadora. Há, porém, tanta dor em demasia, Sobrepujando instantes de alegria, Tal desalento e tantas desventuras, Que o coração dormente, a pleno gozo, Deve fugir das horas de repouso, Minorando as alheias amarguras."
Auta de Souza,Mágoa,"Muitas vezes sonhei na Terra ingrata O paraíso doce da ventura, Vendo somente o espinho da amargura Que as nossas tristes lágrimas desata; Somente a dor intérmina que mata A alegria mais lúcida e mais pura, O veneno da acerba desventura Que fere em nós a aspiração mais grata. Se apenas vi, porém, a mágoa intensa Que rouba a luz, o amor, a paz e a crença, É que a dor da minhalma em tudo eu via. E aumentava minha íntima tristeza Vendo em tudo, na própria Natureza, A mesma dor que eu tanto padecia."
Auta de Souza,Hora extrema,"Quando exalei meus últimos alentos Nesse mundo de mágoas e de dores, Senti meu ser fugindo aos amargores Dos meus dias tristonhos, nevoentos. A tortura dos últimos momentos Era o fim dos meus sonhos promissores, Do meu viver sem luz, sem paz, sem flores, Que se extinguia em atros sofrimentos. Senti, porém, minhalma sofredora Mergulhada nas brisas de uma aurora, Sem as sombras da dor e da agonia... Então parti, serena e jubilosa, Em demanda da estrada esplendorosa Que nos conduz às plagas da harmonia!"
Auta de Souza,Em paz,"Tanto roguei a paz consoladora, Durante os meus amargos sofrimentos, Elevando a Jesus meus pensamentos, Que recebi a paz confortadora! Sentindo-me feliz, ditosa agora, Nessas paragens de deslumbramentos, Onde terminam todos os tormentos Que inundam de amargor a alma que chora. Jesus! doce Jesus meigo e bondoso, Quanto agradeço a paz que concedestes Ao meu viver tristonho e doloroso! E desse lindo oásis encantado, Canto de luz dos páramos celestes, Bendigo o vosso amor ilimitado!"
Auta de Souza,Em êxtase,"Aos teus pés, meu Jesus, a vida inteira, Abrasada de amor eu viveria, Sorvendo a luz no cálix da harmonia, Em paz serena, eterna e derradeira!... Por teu amor, Jesus, inda quisera Volver ao pó da carne dos mortais, Para cantar a terna primavera Do teu amor nas lutas terrenais Depois da treva espessa da amargura: Para exaltar as luzes que me deste Na cariciosa e doce paz celeste, Meu tesouro de fúlgida ventura; Para contar tua bondade imensa Aos meus irmãos, os homens pecadores, Mergulhados na noite da descrença, Nos abismos dos males e das dores; Para falar a todas as criaturas, Da tua alma esplendente de bondade, Afastando as amargas desventuras Do coração da pobre Humanidade! Aos teus pés, meu Jesus, a vida inteira, Abrasada de amor eu viveria, Sorvendo a luz no cálix da harmonia, Em paz serena, eterna e derradeira!..."
Auta de Souza,Mãe,"Ó minha santa mãe! era. bem certo Que entre as preces maternas estendias As tuas mãos sobre os meus tristes dias, Quando na Terra — que era o meu deserto. Nos instantes de dor, bem que eu sentia As tuas asas de Anjo da Ternura, Pairando sobre a minha desventura Feita de prantos e melancolia. Flor ressequida eu era, e tu o orvalho Que me nutria, pobre e empalecida; Era a tua alma a luz da minha vida, Meu tesouro, meu dúlcido agasalho!... Ai de mim sem a tua alma bondosa, Que me dava a promessa da esperança, Raio de luz, de amor e de bonança, Na, escuridão da vida dolorosa. E que felicidade doce e pura, A que senti após a treva e a morte, Findo o terror da minha negra sorte, Quando vi. teu sorriso de ventura! Então, senti que as Mães são mensageiras De Maria, Mãe de anjos e de flores, E Mãe das nossas Mães cheias de amores, Nossas meigas e eternas companheiras!..."
Auta de Souza,Prece,"Estendei vossa mão bondosa e pura, Mãe querida dos fracos pecadores, Aos corações dos pobres sofredores Mergulhados nos prantos da amargura. Derramai vossa luz, toda esplendores, Da imensidade, da radiosa altura, Da região ditosa da ventura, Sobre a sombra dos cárceres das dores! Ó Mãe! excelsa Mãe de anjos celestes, Mais amor, desse amor que já nos destes, Queremos nós em cada novo dia; Vós que mudais em flores os espinhos, Transformai toda a treva dos caminhos Em clarões refulgentes de alegria."
Auta de Souza,Adeus,"O sino plange em terna suavidade, No ambiente balsâmico da igreja; Entre as naves, no altar, em tudo adeja O perfume dos goivos da saudade. Geme a viuvez, lamenta-se a orfandade; E a alma que regressou do exílio beija A luz que resplandece, que viceja, Na catedral azul da imensidade. ―Adeus, Terra das minhas desventuras... Adeus, amados meus...  — diz nas alturas A alma liberta, o azul do céu singrando... — Adeus... — choram as rosas desfolhadas, — Adeus... — clamam as vozes desoladas De quem ficou no exílio soluçando..."
Auta de Souza,Almas,"Ó solitário das estradas, Desventurado pensador, Há no caminho ―almas penadas  Que vão clamando desoladas A dor e o pranto, o pranto e a dor!... Vós, que o silêncio amais no mundo, Em orações ao pé do altar, Sob as arcadas silenciosas, Almas feridas, desditosas, Oram convosco a soluçar. Ao descansardes, meditando, A sombra de árvores em flor, Sabei que às vezes sois seguidos Pelas angústias dos gemidos, De almas chagadas no amargor. Clareie a luz do sol-nascente, Negreje a treva na amplidão, Gemem na Terra muitos seres Pelos amargos padeceres Depois da morte, na aflição. Dai-lhes dos vossos pensamentos Consolação que adoce a dor, Dai um conforto à desventura, A prece cheia de ternura, Algo de afeto, algo de amor!..."
Auta de Souza,Almas de virgens,"Andam sombras errando abandonadas Ao pé das lousas e das covas frias, Almas de pobres freiras desamadas, Perambulando pelas sacristias. Almas das que não foram desposadas, Como bandos de rolas erradias, Angélicas visões de bem-amadas, Mortas na aurora rútila dos dias... Virgens mortas! Tristíssimas oblatas De um sacrário de luz piedoso e santo, Que sonhais entre os tálamos celestes, Entoai nos céus as tristes serenatas Com as vossas roxas túnicas de pranto, Cantando à luz do amor que não tivestes!.."
Auta de Souza,Carta íntima,"Escuta, meu irmão! Pelo caminho Da miséria terrestre, há muitas dores; Muito fel, muita sombra, muito espinho, Entre falsos prazeres tentadores. Há feridas que sangram... Há pavores De órfãos sem lar, sem pão e sem carinho: Confortemos os pobres sofredores, Almas saudosas do Celeste Ninho! Jesus há de sorrir com o teu sorriso, Quando faças no mundo o bem preciso, Pelo que sofre em desesperação. Todo o bem que plantares nessa vida, Há de esperar tua alma redimida Nos caminhos de luz e redenção!"
Auta de Souza,Maria,"Toda a expressão de ternura Do mundo de provação, Nos Céus ditosos procura A sua excelsa afeição. 80 Consolo das mães piedosas, Cheias de mágoa e de pranto, Sobre quem atira as rosas Do seu Amor sacrossanto. Ninguém diz, ninguém traduz Essa visão da Harmonia, Visão de paz e de luz, Paz dos Céus! Ave-Maria!"
Auta de Souza,Mensagem fraterna,"Meu irmão: Tuas preces mais singelas São ou vidas no espaço Ilimitado, Mas sei que às vezes choras, consternado, Ao silêncio da força que interpelas. Volve ao teu templo interno abandonado, - A mais alta de todas as capelas — E as respostas mais lúcidas e belas Hão de trazer-te alegre e deslumbrado. Ouve o teu coração em cada prece. Deus responde em ti mesmo e te esclarece Com a força eterna da consolação; Compreenderás a dor que te domina, Sob a linguagem pura e peregrina Da voz de Deus, em luz de redenção."
Auta de Souza,Vinde!,"Todo anseio da crença acalma as dores, Toda prece é uma luz para quem chora, A oração é o caminho cor de aurora Para o sonho dos pobres pecadores!... Ó corações que a lágrima devora! Vinde, através dos rudes amargores, Cantar na luz dos grandes esplendores Vossa iluminação de cada hora!... Vinde rememorar no espaço infindo, Neste Lar de Jesus, ditoso e lindo, As desventuras para bendizê-las... Feliz o coração sereno e forte, Que triunfa da lágrima e da morte, Palpitando na esfera das estrelas!..."
Auta de Souza,O Senhor vem...,"E eis que Ele chega sempre de mansinho. Haja sol, faça frio ou tempestade; Veste o manto do amor e da verdade, E percorre o silêncio do caminho. Vem ao nosso amargoso torvelinho, Traz às sombras da vida a claridade, E os próprios sofrimentos da impiedade São as bênçãos de luz do seu carinho, Como o Sol que dá vida sem alarde, Vem o Senhor que nunca chega tarde, E protege a miséria mais sombria. Ele chega. E o amor se perpetua... É por isso que o homem continua Ressurgindo da treva a cada dia."
Fagundes Varela,Imortalidade,"Senhor! Senhor! que os verbos luminosos Do amor, da perfeição, da liberdade, Inflamem minhas vozes neste instante! Que o meu grito bem alto se levante, Conduzindo a mensagem benfazeja Das esperanças para a Humanidade! Senhor! Senhor! que paire sobre o mundo A luz do teu poder inigualável, Que os lírios te saúdem perfumando Os arrebóis, as noites, as auroras; Hinos de amor, que os pássaros te elevem Dos seus ninhos de plácida harmonia; Que as fontes no seu doce murmúrio Te bendigam com terna suavidade; Que todo o ser no inundo se descubra Perante a tua excelsa majestade, Saturado do amor onipotente Que promana abundante do teu seio!... Senhor! que a minha voz altissonante Se propague entre os homens; que a verdade Resplandeça na terra da amargura! Ó Pai! tu que removes o impossível, Que transmudas em rosas os espinhos, E que espancas a treva dos caminhos Com a luz que afirma a tua onipotência, Permite que minhalma seja ouvida Na vastidão do mundo do desterro; Que os meus irmãos da Terra me recebam Como o ausente invisível, redivivo!... Irmãos, eis-me de novo ao vosso lado! Venho de esferas lúcidas, radiosas, Atravessei estradas tenebrosas E sendas deslumbrantes e estelíferas, Empunhando o saltério da esperança. Pude transpor abismos de ouro e rosas, Sendas de sonho e báratros escuros, Planetas como naus sem palinuros Nos oceanos do éter Infinito! Contemplei Vias-Lácteas assombrosas, Visões de sóis eternos, confundidas Entre estrelas igníferas, distantes; Vastros portentosos, desferindo Harmonias de amor e claridades, E humanidades entre humanidades Povoando o Universo esplendoroso... Descansei sobre as ilhas de repouso, Em lindos arquipélagos distantes, Habitei os palácios encantados, Em retiros de amor calmo e sereno, Onde o solo é formado de ouro e neve, Onde a treva e onde a noite são apenas Recordações de mundos obscuros! Onde as flores do afeto imperecível Não se emurchecem como sobre a Terra. Lá, nesses orbes lúcidos, divinos, O amor, somente o amor, nutre e dá vida. Somente o amor é a vibração de tudo! Vi céus por sobre céus inumeráveis, Mundos de dor e mundos de alegria, Em luminosidades e harmonias Aos beijos arcangélicos da luz, Que é mensagem de Deus por toda a parte! E apenas conheci um pormenor, Um detalhe minúsculo, um fragmento Da Criação infinita e resplendente. Ah! Morte!... A Morte é o anjo luminoso Da liberdade franca, jubilosa, Quando a esperamos tristes e abatidos; Quando nos traz imácula e sublime A chama da esperança dentro dalma, Amando-se da vida os bens mais nobres, Se o mundo abafa em nós toda a alegria, Roubando-nos afetos e consolos, Martirizando o coração dorido Na cruz dos sofrimentos mais austeros. A morte corrobora as nossas crenças, As nossas esperanças mais profundas, Rompendo o véu que encobre à nossa vista O eterno panorama do Universo, E aponta-nos o céu, a imensidade, Onde as almas ditosas se engrandecem, Outras almas guiando em labirintos Para a luz, para a vida e para o amor! Que representa a Terra, ante a grandeza De tantos sóis e orbes luminosos? É somente uma estância pequenina Onde a dor e onde a lágrima divina Modelam almas para a perfeição; É apenas um degrau na imensidade, Onde se regenera no tormento Quem se afasta da Luz e da verdade; Ela é somente o exílio temporário, Onde se sofre a angústia da distância Dos que amamos com alma e com fervor. Morte! que te abençoem sofredores, Que te bendiga o espírito abatido, Já que és a terna mão libertadora Dos escravos da carne, dos escravos Das aflições, das dores, da tortura! Bendigo-te por tudo o que me deste: Pela beleza da imortalidade, Pela visão dos céus resplandecentes, Pelos beijos dos seres bem-amados. Senhor! Senhor! que a minha voz se estenda, Como um canto sublime de esperança, Sobre a fronte de todos quantos sofrem, Ansiando mais luz, mais liberdade No orbe da expiação e da impiedade!"
Antero de Quental,Ciência ínfima,"Onde o grande caminho soberano Da. Ciência que abriu a nova era, Investigando a entranha da monera, A desvendar-se no capricho insano? Ciência que se elevou à estratosfera E devassou os fundos do oceano, Fomentando o princípio desumano Da ambição onde a força prolifera... Ciência de ostentação, arma de efeito, Longe da Luz, da Paz e do Direito, Num caminho infeliz, sombrio e inverso; Sob o alarme guerreiro, formidando, Eis que a Terra te acusa, soluçando, Como a Grande Mendiga do Universo!..."
Antero de Quental,Rainha do Céu,"Excelsa e sereníssima Senhora, Que sois toda Bondade e Complacência, Que espalhais os eflúvios da Clemência Em caminhos liriais feitos de aurora!... Amparai o que anseia, luta e chora, No labirinto amargo da existência. Sede a nossa divina providência E a nossa proteção de cada hora. Oh! Anjo Tutelar da Humanidade. Que espargis alegria e claridade Sobre o mundo de trevas e gemidos; Vosso amor, que enche os céus ilimitados, É a luz dos tristes e dos desterrados, Esperança dos pobres desvalidos!..."
Antero de Quental,À morte,"Ó Morte, eu te adorei, como se foras O Fim da sinuosa e negra estrada, Onde habitasse a eterna paz do Nada As agonias desconsoladoras. Eras tu a visão idolatrada Que sorria na dor das minhas horas, Visão de tristes faces cismadoras, Nos crepes do Silêncio amortalhada. Busquei-te, eu que trazia a alma já morta, Escorraçada no padecimento, Batendo alucinado à tua porta; E escancaraste a porta escura e fria, Por onde penetrei no Sofrimento, Numa senda mais triste e mais sombria."
Antero de Quental,Depois da morte,"Apenas dor no mundo inteiro eu via, E tanto a vi, amarga e inconsolável, Que num véu de tristeza impenetrável Multiplicava as dores que eu sofria. Se vislumbrava o riso da alegria Fora dessa amargura inalterável Esse prazer só era decifrável Sob a ilusão da eterna fantasia. Ao meu olhar de triste e de descrente, Olhar de pensador amargurado, Só existia a dor, ela somente. O gozo era a mentira dum momento, Os prazeres, o engano imaginado Para aumentar a mágoa e o sofrimento. Misantropo da ciência enganadora, Trazia em mim o anseio irresistível De conhecer o Deus indefinível, Que era na dor, visão consoladora. Não o via e, no entanto, em toda hora, Nesse anelo cruciante e intraduzível, Podia ver, sentindo o Incognoscível E a sua onisciência criadora. Mas a insídia do orgulho e da descrença Guiava-me a existência desolada, Recamada de dor profunda e intensa; Pela voz da vaidade, então, eu cria Achar na morte a escuridão do Nada, Nas vastidões da terra úmida e fria. Depois de extravagâncias de teoria, No seio dessa ciência tão volúvel, Sobre o problema trágico, insolúvel, De ver o Deus de Amor, de quem descria, Morri, reconhecendo, todavia, Que a morte era um enigma solúvel, Ela era o laço eterno e indissolúvel, Que liga o Céu à Terra tão sombria! E por estas regiões onde eu julgava Habitar a inconsciência e a mesma treva Que tanta vez os olhos me cegava, Vim, gemendo, encontrar as luzes puras Da verdade brilhante, que se eleva, Iluminando todas as alturas."
Antero de Quental,Soneto,"Quisera crer, na Terra, que existisse Esta vida que agora estou vivendo, E nunca encontraria abismo horrendo, De amargoso penar que se me abrisse. Andei cego, porém, e sem que visse Meu próprio bem na dor que ia sofrendo; Desvairado, ao sepulcro fui descendo, Sem que a Paz almejada conseguisse. Da morte a Paz busquei, como se fora Apossar-me do eterno esquecimento, Ao viver da minhalma sofredora; E em vez de imperturbáveis quietitudes, Encontrei os Remorsos e o Tormento, Recrudescendo as minhas dores rudes."
Antero de Quental,O Remorso,"Quando fugi da dor, fugindo ao mundo, Divisei aos meus pés, de mim diante, A medonha figura de gigante Do Remorso, de olhar grave e profundo. Era de ouvir-lhe o grito gemebundo, Sua voz cavernosa e soluçante!... Aproximei-me dele, suplicante, Dizendo-lhe, cansado e moribundo: — ―Que fazes ao meu lado, corvo horrendo, Se enlouqueci no meu degredo estranho, Acordando-me em lágrimas, gemendo? “Ele riu-se e clamou para meus ais: ―Companheiro na dor, eu te acompanho, Nunca mais te abandono! Nunca mais!”"
Antero de Quental,Soneto II, "Mais se me afunda a chaga da amargura Quando reflexiono, quando penso No mar humano, encapelado e imenso, Onde se perde a luz em noite escura... Nesse abismo de treva a bênção pura, Do espírito de amor ao mal imenso, Sente o assédio do mal. É o contra-senso Da luz unida à lama que a tortura. Mais se me aumenta a chaga dolorida, Escutando o soluço cavernoso Da pobre Humanidade escravizada; Sentindo o horror que nasce dessa vida, Que se vive no abismo tenebroso, Cheio do pranto da alma encarcerada!"
Antero de Quental,Deus,"Quem, senão Deus, criou obra tamanha, O espaço e o tempo, as amplidões e as eras, Onde se agitam turbilhões de esferas, Que a luz, a excelsa luz, aquece e banha? Quem, senão ele fez a esfinge estranha No segredo inviolável das moneras, No coração dos homens e das feras, No coração do mar e da montanha! Deus!... somente o Eterno, o Impenetrável, Poderia criar o imensurável E o Universo infinito criaria!... Suprema paz, intérmina piedade, E que habita na eterna claridade Das torrentes da Luz e da Harmonia!"
Antero de Quental,Consolai,"Se eu pudesse, diria eternamente, Aos flagelados e desiludidos, Que sobre a Terra os grandes bens perdidos São a posse da luz resplandecente. A dor mais rude, a mágoa mais pungente, Os soluços, os prantos, os gemidos, Entre as almas são louros repartidos Muito longe da Terra impenitente. Oh! se eu pudesse, iria em altos brados Libertar corações escravizados Sob o guante de enigmas profundos! Mas, dizei-lhes, ó vós que estais na Terra, Que a luz espiritual da dor encerra A ventura imortal dos outros mundos!"
Antero de Quental,Crença,"Minha vida de dor e de procela Que se extinguiu na tempestade imensa, Despedaçou-se à falta dessa crença, Que as grandes luzes místicas revela. E estraçalhei-me como alguém que sela Com o supremo infortúnio a dor intensa, Desvairado de angústia e de descrença, Dentro da vida sem compreendê-la. Ah! Crer! bem que, na Terra, não possui, Quando entre conjeturas me perdi, De tão pequena dor fazendo alarde... Crença! Luminosíssima riqueza Que enche a vida de paz e de beleza, Mas que chega no mundo muito tarde."
Antero de Quental,Não choreis,"Não choreis os que vão em liberdade Buscar no Espaço o luminoso leito Da paz, distante do caminho estreito Desse mundo de dor e de orfandade. O pranto é a flor de aromas da saudade, Que perfuma e crucia o vosso peito, Mas, transformai-o em gozo alto e perfeito, Em santa e esperançosa claridade. Chega um dia em que o Espírito descansa Das aflições, angústias e cansaços, Dos aguilhões das dores absolutas: Feliz de quem, na Crença e na Esperança, Procura a luz sublime dos espaços, Buscando a paz depois das grandes lutas."
Antero de Quental,Mão divina,"A luz da mão divina sempre desce, Misericordiosa e compassiva, Sobre as dores da pobre alma cativa, Que está nas sendas lúcidas da Prece. Se a amargura das lágrimas se aviva, Se o tormento da vida recrudesce, Aguardai a abundância da outra messe De venturas, que é da alma rediviva. Confiando, esperai a Providência Com os sentimentos puros, diamantinos, Lendo os artigos ríspidos da Lei! Os filhos da Piedade e da Paciência Encontrarão nos páramos divinos A paz e as luzes que eu não alcancei."
Antero de Quental,Almas sofredoras,"Passam na Terra como as ventanias, Ou como agigantadas nebulosas Provindas de cavernas misteriosas, Essas compactas legiões sombrias; Turbas de almas escravas de agonias, Com que andei entre queixas dolorosas, Ao palmilhar estradas escabrosas, Entre as noites mais lúgubres e frias! Oh! visões de martírios que apavoram, Miseráveis Espíritos que choram, Sob os grilhões de rude sofrimento! Orai por eles, bons trabalhadores Que estais colhendo sobre a Terra as flores De um doce e temporário esquecimento."
Antero de Quental,Supremo engano,"Vê-se da Terra o Céu, em toda a vida, Como um vergel azul de lírios brancos, Onde mora a ventura, e em cujos flancos Repousa a grande mágoa adormecida. Céu! quanta vez minhalma entristecida Anteviu tua paz, sob os arrancos, Sob os golpes da dor, rijos e francos, Na escuridão espessa e indefinida! Não sonhei com teus deuses venturosos, Com teus grandes olimpos majestosos, Cheios de vida e de infinitos bens... Antegozei, somente, em minhas dores, A paz livre de trevas é pavores, Do imperturbável nada que não tens!"
Antero de Quental,Incognoscível,"Para o Infinito, Deus não representa A personalidade humanizada, Pelos seres terrenos inventada, Cheia, às vezes, de cólera violenta. Deus não castiga o ser e nem o isenta Da dor, que traz a alma lacerada Nos pelourinhos negros de uma estrada De provação, de angústia e de tormenta. Tudo fala de Deus nesse desterro Da Terra, orbe da lágrima e do erro, Que entre anseios e angústias conheci! Mas, quanto o vão mortal inda se engana, Que em sua triste condição humana Fez a essência de Deus igual a si!"
Antero de Quental,Fatalidade,"Crê-se na Morte o Nada, e, todavia, A Morte é a própria Vida ativa e intensa, Fim de toda a amargura da descrença, Onde a grande certeza principia. O meu erro, no mundo da Agonia, Foi crer demais na angústia e na doença Da alma que luta e sofre, chora e pensa, Nos labirintos da Filosofia... E no meio de todas as canseiras Cheguei, enfim, às dores derradeiras Que as tormentas de lágrimas desatam!... Nunca, na Terra, a crença se realiza, Porque em tudo, no mundo, o homem divisa A figura das dúvidas que matam."
Antero de Quental,Estranho concerto,"Clamou o Orgulho ao homem: — ―Goza a vida! E fere, brasonado cavaleiro, Coroado de folhas de loureiro, Quem vai de alma gemente e consumida. . Veio a Vaidade e disse: — ―A toda brida! Dominarás, além, no mundo inteiro, Cavalga o tempo e corre ao teu roteiro De soberana glória indefinida!... Mas a Verdade, sobre a humana furna, Gritou-lhe, angustiada, em voz soturna: — ―Insensato! aonde vais, sem Deus, sem norte?  E impeliu, sem detença e sem barulho, Cavaleiro e corcel, vaidade e orgulho, Aos tenebrosos pântanos da Morte."
Antônio Nobre,Quadras de um poeta morto,"Coração, não vos canseis De bater... que importa lá? Porque os amores fiéis, Nem a morte os vencerá. Ó figuras de velhinhos Que andais dormitando ao léu! Como são belos os Linhos Que vos esperam no Céu! Dizem que os mortos não voltam... Voltam sim. E por que não? Os corpos daí nos soltam, Como às aves o alçapão. Nem gritos e nem cantigas Entre vós que à noite andais; As almas das raparigas Inda sonham nos choupais. Nas grandes mansões da morte Inda há romance e noivados, Venturas da boa sorte, Corações despedaçados. Quem riu ontem, quem ri hoje, Nem sempre poderá rir... Um dia o riso lhe foge, Sem que o veja escapulir. Riquezas, que valem elas Se estão na sombra ou sem luz? Tesouro são as estrelas Da bondade de Jesus. Pode-se amar o veludo De uns olhos e os brilhos seus, Porém, acima de tudo Devemos amar a Deus. Vós que amais a luz da Lua, De vossa alma abri as portas Para. os fantasmas da rua, Que choram nas horas mortas. Pensei que a. morte era o fim Das ânsias do coração; Contudo, não é assim... Nem pó e nem solidão. As vezes acham-se fojos Onde há música e festins, E há muitos cardos e tojos Entre as flores dos jardins. Se eu pudesse, estenderia Minhas capas de luar, Sobre os filhos da agonia Que andam no mundo a penar. A morte só pode ser A vida risonha e pura, Para quem a padecer Vive aí na sepultura. Mal vais, se vais caminhando Na ambição de ouro e glória; Nesse mundo miserando Toda ventura é ilusória. Chorai! chorai orfãozinhos, Vossas dores amargosas: Achareis noutros caminhos As vossas mães extremosas. Deixa cantar, ó menina, Teu coração sonhador... No sepulcro não termina O novelário do amor. Um anjo cheio de encanto Vive sempre com quem chora, Guardando as gotas de pranto Numa urna cor da aurora. No Universo há céus profundos, Cheios de vida e esplendor, Um céu é um ninho de mundos, Um mundo é um ninho de amor. A caridade é a beleza De um divino plenhlúnio, Luz que se estende à pobreza, Na escuridão do infortúnio. Aos mendigos desprezados Não ridicularizeis, São senhores despojados Dos seus tesouros de reis. Aqui, a alma inda espera O alguém que na Terra amou, O raio de primavera Que aí jamais encontrou. Há quem faça aí mil contas, Que os interesses resuma, Mas morrem cabeças tontas, Sem fazer conta nenhuma. Tecei sonhos, fiandeiras, Oh! almas enamoradas, Vivei aí nas clareiras De luzes alcandoradas. Ah! que sinto aqui saudades Das noites de São João, Sonho, estrelas, claridades, Cantigas do coração. Na minha vida de agora Não canto as festas louçãs, Naquelas toadas de outrora As moçoilas coimbrãs. Acompanha-me a tristeza Das saudades, por meu mal; Minha terra portuguesa! ... Meu querido Portugal! ..."
Antônio Nobre,Do Além,"Pudesse o nosso olhar, vagueando os ermos, Ver através da própria soledade A expressão luminosa da Verdade, E da luz da Verdade não descrermos... Preocupar-se aí, porém, quem há de Com o problema de sermos ou não sermos, Pois que o ardente desejo de o sabermos É sempre o anelo falso da vaidade? Peregrinos da dor, na dor andamos Sem que a nossa miséria se desfaça No escabroso caminho onde marchamos, Seguindo a alma nos sonhos iludida, Até que a dor unindo-se à desgraça Descerre os véus que encobrem outra vida."
Antônio Nobre,Soneto,"―Quando cobrir-se o chão de folhas mortas - Meu coração dizia em grave entono — Extinguindo-se a vida que comportas, Dormirás no meu seio o último sono... E murmurava a alma — ―Findo o Outono, A Primavera vem por outras portas; Não existe no túmulo o abandono, Ou a dor amarga e rude em que te cortas.  Escutava essas vozes comovido, Morto de angústia, morto de incerteza, Aguardando o sol-posto, entristecido; E além da amarga vida de segundos, Ressurgi da tortura e da tristeza, Sob os ares sadios de outros mundos!"
Antônio Nobre,Ao mundo,"A Terra é o vasto abismo onde a alma chora, O vale de amarguras do Salmista, Lodoso chavascal onde se avista A podridão dos vermes que apavora. Mas, para os grandes bens, para que exista A perfeição da luz deslumbradora, Precisamos da carne que aprimora Com o camartelo mágico do artista. Terra, tranqüilamente eu te abençôo... Porque da tua dor alcei meu vôo Para a mansão das luzes opulentas; Teu rigor nos redime e nos eleva; Mas és ainda o cárcere da treva, Triste mundo de chagas pustulentas!"
Antônio Nobre,À Mocidade,"Cantai! cantai, ó mocidade! Moira Encantada que ri nos prados verdes, Cantai o amor que é luz que se entesoira, Vibrai na luz da vida em que viverdes. Glorificai, ditosa, o sol que doira O riso que espalhais sem compreenderdes, Expandi-vos na primavera loira, Nos poemas de luar que conceberdes! Ide cantando, mocidade ardente, Alvorada em abril, do sol-nascente, Clareando o porvir almo e risonho; Marchai sorrindo, doce juventude, Na exaltação do amor e da saúde, Ébria de aroma e luz, ébria de sonho!..."
Alphonsus de Guimarãens,Aos crentes,"Ó crentes de uma outra vida, Que andais no mundo exilados, Nos caminhos enevoados, Lendo o missal da amargura! Esperai a sepultura, Ó crentes de uma outra vida! ... Tangei harpas de esperança, Nas lutas de vossa esfera, Porque a Morte é a primavera Luminosa, eterna e imensa... Filhos da paz e da crença Tangei harpas de esperança!..."
Alphonsus de Guimarãens,Redivivo,"Sou o cantor das místicas baladas Que, em volutas de flores e de incenso, Achou, no Espaço luminoso e imenso, O perfume das hóstias consagradas. Almas que andais gemendo nas estradas Da amargura e da dor, eu vos pertenço, Atravessai o nevoeiro denso Em que viveis no mundo, amortalhadas. Almas tristes de freiras e sorores, Sobre quem a saudade despetala Os seus lírios de pálidos fulgores; Eu ressurjo nos místicos prazeres, De vos cantar, na sombra onde se exala Um perfume de altar e misereres..."
Alphonsus de Guimarãens,Sinos,"Escuto ainda a voz dos campanários Entre aromas de rosas e açucenas, Vozes de sinos pelos santuários, Enchendo as grandes vastidões serenas... E seguindo outros seres solitários, Retomo velhos quadros, velhas cenas, Rezando as orações dos Septenários, Dos Ofícios, dos Terços, das Novenas... A morte que nos salva não nos priva De ir ao pé de um sacrário abandonado, Chorar, como inda faz a alma cativa! Ó sinos dolorosos e plangentes, Cantai, como cantáveis no passado, Dizendo a mesma Fé que salva os crentes!"
Alphonsus de Guimarãens,Santa Virgo Vírginum,"Sobe da Terra, em ondas luminosas, Um turbilhão de vozes e de lírios, Buscando-vos nas Luzes Harmoniosas, Oh! Virgem da Pureza e dos Martírios! Imagens de turíbulos e rosas Aromatizam todos os empíreos... Há na Terra canções maravilhosas Entre as luzes e as lágrimas dos círios. Senhora, o mundo inteiro vos festeja, Em magnificência ampla e radiosa, Nos altares simbólicos da Igreja! Eis, porém, que vos vejo nos caminhos, Onde a vossa virtude carinhosa Consola e ampara os fracos pobrezinhos..."
Casimiro de Abreu,À minha terra,"Que terno sonho dourado Das minhas horas fagueiras, No recanto das palmeiras Do meu querido Brasil! A vida era um dia lindo Num vergel cheio de flores, Cheio de aroma e esplendores Sob um céu primaveril. A Infância, um lago tranqüilo Onde começa a existência, Onde os cisnes da inocência Bebem o néctar do amor. A mocidade era um hino De melodias suaves, Formadas de trinos de aves E de perfumes de flor. O dia, manhã ridente, Numa canção de alvorada; A noite toda estrelada Após o doce arrebol; E na, paisagem querida, Os ramos das laranjeiras E das frondosas mangueiras Douradas à luz do Sol! Oh! que clarão dentro dalma, Constantemente cismando, O pensamento sonhando E o coração a cantar, Na delicada harmonia Que nascia da beleza, Do verde da Natureza, Do verde do lindo mar! Oh! que poema a existência De infância e de mocidade, De ternura e de saudade, De tristeza e de prazer; Igual a um canto sublime, Como uma estrofe inspirada Na noite e na madrugada, Na tarde e no amanhecer. De tudo me lembro e quanto! A transparência dos lagos, As carícias, os afagos E os beijos de minha mãe! Dos trinos dos pintassilgos, Da melodia das fontes, As nuvens nos horizontes Perdidos no azul do além. Quando eu cruzava as campinas, Sem sombras de sofrimento, Descalço, com o peito ao vento, Num tempo doce e feliz! Os pessegueiros floridos, As frondes cheias de amora, O manto de luz da aurora, Os pios das juritis! Se a morte aniquila o corpo, Não aniquila a lembrança: Jamais se extingue a esperança, Nunca se extingue o sonhar! E à minha terra querida, Recortada de palmeiras, Espero em horas fagueiras Um dia poder voltar."
Casimiro de Abreu,A Terra,"Se há noite escura na Terra, Onde rugem tempestades, Se há tristezas, se há saudades, Amargura e dissabor, Também há dias dourados De sol e de melodias, Esperanças e alegrias, Canções de eterno fulgor! A Terra é um mundo ditoso, Um paraíso de amores, Jardim de risos e flores Rolando no céu azul. Um hino de força e vida Palpita em suas entranhas, Retumba pelas montanhas, Ecoa de Norte a Sul. Os sonhos da mocidade, As galas da Natureza, Livro de excelsa beleza Com páginas de esplendor, Onde as histórias são cantos De gárriilos passarinhos, Onde as gravuras são ninhos Estampados no verdor; Onde há reis que são poetas, E trovadores alados, Heróis ternos, namorados, Gargantas de ouro a cantar, Saudando a aurora que surge Como ninfa luminosa, A olhar-se toda orgulhosa No espelho do grande mar! Onde as princesas são flores, Que se beijam luzidias, Perfumando as pradarias Com seu hálito de amor; Desabrochando às centenas, Na estrada onde o homem passa, Oferecendo-lhe graça, Sorrindo, cheias de olor. O dia todo é alvorada De doces encantamentos; A noite, deslumbramentos Da Lua, em seus brancos véus! A tarde Oscula as estrelas, Os astros o Sol-nascente, O Sol o prado ridente, O prado perfuma os céus!... Quem vive num éden desses, É sempre risonho e forte, Jamais almeja que a morte Na vida o venha tragar; Sabe encontrar a ventura Nesse jardim de pujanças, E enche-se de esperanças Para sofrer e lutar. Se há noite escura na Terra, Abarrotada de dores, De lágrimas e amargores, De triste e rude carpir, Também há dias dourados De juventude e esplendores, De aromas, risos e flores, De áureos sonhos no porvir!..."
Casimiro de Abreu,Lembranças,"No sacrário das lembranças, Revejo-te, trigueirinha, De negras e longas tranças, Moreninha. Teus lindos pés descalçados, Pisando de manhãzinha A verde relva dos prados, Moreninha. Os primorosos cabelos Enfeitados, à tardinha, De miosótis singelos, Moreninha. De olhar sedutor e insonte, Quando o teu passo ia e vinha Em busca da água da fonte, Moreninha. Teu vulto de camponesa Era o porte de rainha, Rainha da Natureza, Moreninha. Inda ouço os sons primeiros Da tua voz na modinha Modulada nos terreiros, Moreninha. Lavando a roupa às braçadas, Nos fios dágua fresquinha, Sob as mangueiras copadas, Moreninha. Os teus risos adorados, Desferidos à noitinha, Nos bandos de namorados, Moreninha. A tua oração ditosa, Nas missas da capelinha, Tão faceira! tão formosa! Moreninha. A placidez do teu rosto Com teus modos de avezinha, Fitando a luz do sol-posto, Moreninha. O teu samburá de flores Que levavas à igrejinha, Enchendo a nave de odores, Moreninha. O vestidinho de chita, De rosas estampadinha, Fazendo-te mais bonita, Moreninha. O nosso idílio encantado, Quando te achavas sozinha, Sob o luar prateado, Moreninha. Que terna recordação De minhalma se avizinha! De saudade, de paixão, Moreninha. Ai! Ai! meu Deus, quem me dera Rever-te, doce rainha, Rainha da Primavera, Moreninha."
Casimiro de Abreu,Recordando,"Meu Deus, deixai que eu me esqueça Da minha vida de agora, Que apenas o meu passado Eu possa alegre rever; Deixai que me identifique Com os raios da luz de outrora, Daquela risonha aurora Do meu passado viver. Que eu sinta de novo a vida Na infância Linda e ditosa, Na alegria inalterável Do lugar onde nasci; Quero rever novamente A paisagem luminosa, Sentir a emoção grandiosa De tudo o que já senti!... Ah! que eu possa hoje olvidar Imensidades, esferas, Concepções mais perfeitas No progresso que alcancei; Que das ruínas, dos escombros, Minhalma retire as heras, E contemple as primaveras Da vida que já deixei. Quero aspirar os perfumes Dos cendais cheios de flores, Na fresca sombra dos vales, Sob a luz do céu de anil! Rever o sítio encantado Da minha estância de amores, Meus sonhos encantadores, Minha terra, meu Brasil! Escutar os sinos calmos Sob a alvura das capelas, Enchendo as longes devesas, De convites à oração; Sentar-me no prado agreste, Beijar as flores singelas, Mirar a luz das estrelas, Ouvir a voz da amplidão! Correr sob o sol-nascente Até que chegue o luar, Procurando os passarinhos E as borboletas tafuis; Que esperança, que ventura! Viver, sofrer, e amar A campina, o Sol, o mar, Campos verdes, céus azuis Ser homem e ser criança, Toucar-se a alma das galas Da poesia inexprimível, Da alvorada e do arrebol... Oh! Natureza da Terra, Que tesouros não exalas, Na, carícia dessas falas Do passarinho e do Sol! Eu gozo de quando em quando, Revendo essa claridade, Da existência transcorrida Guardada no coração; E dos cimos desta vida, Na excelsa Imortalidade, Verto prantos de saudade A luz da recordação."
Guerra Junqueiro,O padre João,"Tombava o dia: A luz crepuscular Mansamente descia Inundando de sombra o céu, a terra, o mar... O meigo padre João, Um puro coração, Qual lírio a vicejar em meio a um pantanal, Sonhava ao pé da igreja — um templo envelhecido Ao lado de um vergel, esplêndido e florido —Sentindo dentro dalma um frio sepulcral. O firmamento Tingia-se de luz brilhante e harmoniosa, A noite era de sonho e névoa luminosa. Padre João meditava, orando ao Deus de amor: Revia em pensamento Uma luz singular nas dobras do passado; Era um vulto sublime, excelso, imaculado, Que fazia descer o amor às multidões, Inflamado de fé, desatando os grilhões Que prendiam a alma à carne putrescível, Uma réstea de sol sobre a noite do Horrível, Iluminando o mundo, Iluminando a vida, Pensando docemente a pútrida ferida Da imperfeição que rói a torva Humanidade, Oferecendo amor em flores de bondade, Aos pecadores dando amigas esperanças, E aumentando nos bons as bem-aventuranças. Era o meigo Pastor Irradiando a luz, Era o Anjo do Bem, o imáculo Jesus. O sacerdote, então, Comparou, meditando, a fúlgida visão Com aquele Cristo nu, de pau, inerte e frio, Imóvel dominando o âmbito vazio; Notando a diferença enorme, extraordinária, Daquela igreja fria, a ermida solitária, Da igreja de Jesus, Feita de amor e luz, De paz e de perdão, O farol da verdade ao humano coração. E viu da sua igreja o erro tão profundo, Dourando os véus da carne e amortalhando o mundo Em trevas persistentes, Por anos inclementes Em séculos sem fim. Conhecendo no padre o gêmeo de Caim, Afastado da luz, fugindo aos irmãos seus, Fugindo desse modo ao próprio amor de Deus, Padre João meditou nas lutas incessantes Sustentadas na Terra em prol da evolução, E viu no mundo inteiro as ânsias delirantes De trabalho, de amor, de eterna perfeição. Sentiu seu coração em dores lacerado, E no sonho da luz fulgente do passado, Penetrou soluçando a ermida então deserta. Teve medo e receio, o espírito gelado, Sentiu-se no seu templo um pobre emparedado... E fugindo a correr da porta semi-aberta, Com o coração sangrando em úlceras de dor, Encaminhou-se ao campo, à natureza em flor. Fitou extasiado a natureza em festa, As árvores, a flor, os mares, a floresta, E como se o animasse uma chama divina, Despiu-se do negrume espesso da batina, E fitando, a chorar, o céu estrelejado, Encheu a solidão com as vozes do seu brado: ―Ó Igreja! não tens a idéia que eu sonhava, A luz radiosa e bela, a luz eterna e rara Que nos vem de Jesus; Tua mão não conduz As plagas da verdade Mantendo inutilmente a pobre Humanidade No mal da ignorância, túrbida e falaz, Crestando a fé, roubando a luz, matando a paz. Torturas a verdade, endeusas a matéria, E transformas o padre em trapo de miséria, Num farrapo de sombra, exótica e execrável, Num fantasma ambulante em treva interminável! É um blasfemo quem crê que em teus nichos e altares Guarda-se a essência pura e imácula de Deus; Eu vejo-o, desde a flor às luzes estelares, Na piedade, no amor, na imensidão dos céus! Ó Igreja! o dogma frio é um calabouço escuro, E eu quero abandonar a noite da prisão; Prefiro a liberdade e a vida no futuro, Guiando-me o farol da fúlgida Razão. Desprezo-te, ó torreão de séculos trevosos, Ruínas de maldade estúltica a cair, Eu quero palmilhar caminhos luminosos Que minhalma entrevê na aurora do porvir!  E o padre emudeceu. Submergido em pranto, Achou mais belo o céu e o seu viver mais santo. Pairava na amplidão estranho resplendor. A Natureza inteira em lúcida poesia Repousava, feliz, nas preces da harmonia!... Era o festim do amor, No firmamento em luz, Que celebrava A grandeza de uma alma que voltava Ao redil de Jesus."
Guerra Junqueiro,Caridade,"Caía a noite em paz. Crepúsculo. Horas quedas. Horas de solidão. Pelas planícies ledas, A asa ruflando inquieta, os meigos passarinhos Recolhiam-se à pressa, em busca dos seus ninhos! Repousavam, tremendo, os colibris doirados; Pipilavam febris no beiral dos telhados, Reunidas no lar caridoso e terno, Andorinhas gentis, tardígradas do inverno. As árvores senhoris, despidas dos seus galhos, Como braços em cruz, sangrentos nos trabalhos, Elevavam-se ao céu silenciosas, mudas, Sentinelas da dor nas regiões desnudas; Chegavam aos ovis as ovelhinhas mansas; Os risos dos aldeões e as orações das crianças Casavam-se formando, em rimas soberanas, Os poemas de luz, que nascem das choupanas, Canções de oiro e de sol das almas virginais, Exalando, a sorrir, o aroma dos trigais; Almas puras, em flor, relicários da essência Da verdade e do amor, do amor e da Inocência, Almas feitas de luar, de cândida frescura, Vivendo a vida doce, imaculada e pura, De quem ama a existência plácida da aldeia, Cujo sonho é candura e a vida uma epopéia De louvores à dor, de exaltações, de prantos!... Caía a noite em paz, por entre os negros mantos De espessa escuridão. Sinistramente, a Lua Rolava na amplidão como cabeça nua, Como poça de sangue, horrendamente informe... O silêncio pesava impressionante e enorme! Nevava quase e a treva espessa e fria, Era bem a visão da mágoa e da invernia; Enchia-se o ar de gelo igual a açoite de aço, Que vibrasse, cortando, a imensidão do espaço. E eu pedia ao Criador da imensidade etérea, Que estendesse o seu manto aos ombros da miséria, Que agasalhasse o pobre e que desse ao mendigo Um frangalho de pão e um momento de abrigo; Que pusesse suas mãos benévolas e puras Sobre o abismo voraz de tantas amarguras; Que levasse o amor onde faltasse o lar, Onde sobrasse a angústia, onde andasse o penar. Em mim, sentia a dor dos que não têm carinhos, Que se vão de longada ao longo dos caminhos, Sem temer a hediondez das negras horas mortas, Pedindo a soluçar um caldo negro às portas! E sondava o amargor dos operários rudes, Filhos da obediência, anhos de mansuetudes, Que vão cedo ao trabalho, à lide que os consome, Deixando a casa entregue às penúrias da fome... Pesava toda a dor que o mundo inteiro cobre, O castelo real e a cabana do pobre, A dor que faz da Terra um ninho de infelizes, Que palpita nos reis, que anda nas meretrizes; A dor que dobra e vence as multidões ignaras, Que derruba os casais e come o pão das searas, Quando vi resplender nas bandas do ocidente Uma excelsa visão, que andava mansamente: Tinha nas mãos de luz ramalhetes de lírios E no olhar a expressão de todos os martírios: Digna como um juiz, fulgente como a luz Que dimana do amor divino de Jesus! Seu luminoso olhar, esplêndido e profundo, Era como a piedade iluminando o mundo; Suas faces e a fronte, alvas como alabastros, Pareciam do alvor das estrias dos astros... Emitia esplendor sua túnica de arminhos, Dissolvendo os cendais das trevas dos caminhos!... Quem és tu? — murmurei. — ―Meu nome é Caridade, Emissária de Deus a toda a Humanidade: Pairo por sobre um ser resplandecente e puro, Como pairo a sorrir por cima de um monturo; Desço das vastidões dentro das horas mudas, Deixo Cristo na cruz para encontrar com Judas. Amo os bons e protejo as almas vis e hediondas, Ando por toda a terra, ando por sobre as ondas Do oceano a rugir sob meus pés de névoa, Para levar a luz, e com ansiedade levo-a A quem, nas aflições, chama-me em altos brados No turbilhão de horror de todos os pecados. Para mim, não existe a classe, a seita e as gentes; Abranjo em meu amor a alma dos continentes, Atravesso o oceano e atravesso os países, Vou onde haja a miséria e pranto de infelizes; Sou o farol da legião dos pobres sofredores, Levo sol, pão e luz, balsamizando as dores; Conduzo com avidez o lúcido estandarte Do bem, que ampara a dor e vela os sonhos darte. Amo o labor da ciência e amo a existência honesta Do ingênuo lavrador, que, em vez do sono à sesta, Enche com o seu trabalho as lindas manhãs claras, E quando a tarde chega, engendra a paz das searas. Amo o trabalhador, como adoro as boninas Que se entreabrem na estrada, adornando as campinas; As rosas festivais das frescas alamedas, Que abarrotam de olor as primaveras ledas. Amo o goivo e o lilás, como amo o luto e a festa, Amo a fera bravia, e as aves da floresta; Guardo comigo a dor, as mágoas e esperanças, Idolatro os senis, como idolatro as crianças. Vivo fora do plano imundo da matéria, Confortando o amargor, consolando a miséria; É por isso, talvez, que, comovida, eu ouço Do palácio o carpir e os ais do calabouço; Visito os hospitais, creches e orfanatos, Sem toques de clarins e sem espalhafatos; Vou ao cárcere escuro, entro nos palacetes, Desço ao antro abismal e ascendo aos minaretes. Estou dentro do templo e dentro dos prostíbulos, Ao pé do altar da fé, no sopé dos patíbuLos; Oro em qualquer lugar, nas ermidas, nos montes, Subo da Terra ao Céu. Não conheço horizontes. Não conheço nações, corro do brejo aos sóis, Beijo um cadáver nu, como osculo os heróis. Nunca a lisonja fiz, nem recebo homenagens, Trato com o mesmo amor os cultos e os selvagens. Jamais pude escolher entre Roma e Paris, Não me regem as leis que regem um país. Minha missão é amar. Amo o templo e amo a escola, Amo o bem que alivia, amo o bem que consola.  ―Caridade! — tornei. — Por que volves ao mundo? O mundo é o mesmo caos, o mesmo charco imundo. A Humanidade é a mesma, alma de fariseus, Que não te quer, nem quer o amor do próprio Deus! O homem não se mudou. E a tola sociedade É o nojento paul da criminalidade, Lodo fenomenal de descrença e malícia. Vai! consulta as prisões e consulta a polícia. Onde puseste a luz, onde fundaste a escola, O homem pôs o missal, as batinas e a estola. Onde foste ensinar cantigas às ceifeiras, O homem fez barregãs que se vendem nas feiras! Onde andaste a criar a cidade e os impérios, Ele fez podridões de imundos cemitérios; Onde criaste o ideal e a inspiração divina, Fez a bomba explosiva, a forca e a guilhotina. A sociedade vil é quase a mesma Impéria, Rindo na podridão, transudando a miséria. Morre o bem, morre o amor, causa nojo a política, Ressumbra asco e pavor a velha sifilítica, Que brada sem cessar: — ―Inda grita a canalha? Abra-se-lhe a prisão, jogue-se-lhe a metralha. E se alguém reclamar, há canhões na Alemanha; Se o canhão não chegar, há mosteiros na Espanha, Onde existe o grilhão dentro de escuras celas, Celas que são prisões, cheias de sentinelas. E se o povo chorar, que se açoite esse povo! Alguém, que reclamar, pague um tributo novo. Mate-se a mocidade, asfixie-se a infância, Propague-se impiedade, espalhe-se ignorância, De nada serve o livro a um povo sempre cego. E se a fome vier, ponha-se a honra ao prego. Para que se não veja a ruína e os cemitérios, Se o estrangeiro chegar — Bailes nos ministérios! Músicas sobre a dor, flores sobre os lameiros, Girândolas ao ar, honras aos forasteiros! Cubram sedas a lepra, aromas os fedores, Fogo a quem mendigar! morte a quem tiver dores!.. Ao raiar a manhã, toque-se para a missa, Que esta plebe é de cães, que esta plebe é submssa. E esse povo infeliz dorme pelas calçadas, Almoça e ceia o luar, morre sob pauladas — E à podre sociedade é igual a religião, Que encarcera o ideal dentro da Inquisição! Principalmente Roma, a esta nada escapa, Demonstrando o conflito entre Jesus e o Papa: Jesus amava a luz, o Papa o oiro vil, Jesus amava o pobre, o Papa a Rotschild! Que queres, Caridade? o mundo é sempre assim, Sacrifica um Abel para aceitar Caim!  - ―Antes de tudo, amigo, eu não sei, não discuto; Eu só quero saber onde há miséria e luto. Raciocina, poeta! A alma da caridade Abomina o rumor que alimenta a vaidade; Para o seu labutar, toma vestes singelas; Para fazer o bem, corre o fecho às janelas. Não lê Anacreonte e ignora Petrarcas; Não reconhece a lei que emana dos monarcas. Nunca soube notar, nem sabe discernir Qual deles foi maior, se Goethe ou Shakespeare; Se houve o pincel de Goya e o buril de Bordalo, Se Calígula quis endeusar um cavalo; Se o nome de Mafoma é o mesmo que Maomet, Se houve no tempo antigo uma arca de Noé; Se a Patti cantou bem pelas festas mundanas, Se viveram maus reis, entre más soberanas; Não entende Voltaire, nem más literaturas, Somente lhe interessa a sorte das criaturas. Nunca soube enxergar se há Lutero e Jesuítas, Sabe somente ver as dores infinitas. Não vai a Roma ver o Papa que se cobre De fulgentes milhões para humilhar o pobre. Não vai à Terra Santa em peregrinações, Jamais toma lugar para fazer sermões. Passa no mundo a pé, jamais anda de sege, Nem sabe distinguir entre um pária e Carnegie. Nunca aos concílios foi dar suas opiniões, Nunca reza em latim, nunca fez procissões. Jamais focalizou questões eleitorais, E não vai desfolhar misérias nos jornais. Entra no lupanar, não lhe estorva a política, Não lhe pode abalar a opinião da crítica. Nunca viu povoléus, nem divisa a ralé, Nem problemas sociais, nem dogmas de fé! Rejeita a excomunhão, jamais amaldiçoa, Sabe somente que ama e também que perdoa. Sabe apenas que há pranto ao longo dos caminhos, Que falta o amor e o pão, água e calor nos ninhos. Corre, sem se cansar, desde o nascer da aurora, Para buscar a dor da orfandade que chora. Reconhece na, treva a fonte dos pecados E abraça com carinho os grandes torturados. Sabe onde falta sol, onde escassa é a saúde, Onde se mete a flor excelsa da, virtude. Olha sem se anojar, mágoas, misérias, dor, Não conhece opinião, segue a Nosso Senhor! Anda no Novo Mundo, corre por toda a Europa, Mendigando uma luz e um bocado de sopa, Luz para desfazer a baixeza de instintos, Sopa para matar a fome dos famintos. Foge da discussão, não está nas pelejas, Nem no ambiente hostil e estreito das igrejas. Sabe amar e querer flores e passarinhos, Os mendigos e os reis, os palácios e os ninhos! Tem abnegação. Sabe rasgar o peito, E escrever com seu sangue a Justiça e o Direito! Sabe o amor. Sabe o bem. A alma da, caridade Sabe endeusar a luz e adorar a verdade. Vai a todo lugar, recôndito e diverso. Não existe num mundo. Existe no Universo. Poeta amigo, adeus! Há muito que me espera A imensidão da dor. Procuro a pomba e a fera. Tenho muito a prestar às ovelhas transviadas, Que ouvem as tentações do beiral das estradas. É preciso que eu vá visitar os covis, Amparar o chacal, as aves e os reptis; Necessário é que eu siga em minhas romarias, Procurando os pardais, melros e cotovias. Vou subir a colinas e descer aos valados, Caçando o pranto e a dor dos pobres desgraçados. Chama-me o sol redor, chama-me a orfandade, Necessário é lhes leve a vida e a liberdade. Se tua alma quiser inda encontrar-me um dia, Desce ao antro sem paz, donde foge a alegria; Vai sem medo e receio à lôbrega mansarda, Onde tarda a saúde e onde o conforto tarda. Vai às roças louçãs nas alvoradas claras... Estou com o lavrador na tarefa das searas, Como do seu farnel, tomo o arado e a charrua, Lá me ponho a lidar e de lá volto à rua, Para guiar os maus, para guiar felizes; Minha missão é amar os vermos e os países!...  Muito tempo passara e a noite inda era escura. Noite de neve atroz, noite de desventura! Foi-se a linda visão, dissipando as neblinas, Repartindo o seu pão de carícias divinas. Tudo voltou à paz silenciosa e calma!... O inverno e o pesar; e aos olhos da minhalma, O mundo famulento, a Terra, parecia O planeta da sombra e a mansão da agonia!"
Guerra Junqueiro,Romaria,"Não sabeis, não sabeis, filhas que adoro tanto, Calcular a extensão de tantas amarguras, Existências em flor, fustigadas de pranto, Lírios no lamaçal das grandes desventuras... Almas na escuridão da noite sem aurora, Corpos de podridão, urnas de lama e pus, Anjos açucenais que a miséria devora, Pobrezitos sem pão, esquálidos e nus. No entanto, há aroma e luz na beira dos caminhos, Cantos de rouxinóis, árvores, fruto e flor, Harmonias sutis, que se evolam dos ninhos Dourados pelo sol dalvorada do amor! Mocidade no abril resplandecente e loiro De noivado e canção das almas virginais; Entoando a sorrir mil ditirambos de oiro, Como as aves gracis em vôos nos trigais. A alegria taful das manhãs harmoniosas Em que maio desfolha os cravos e os jasmins, Espargindo dos céus as glicínias formosas, Na esmeraldina cor do colo dos jardins! E Deus que fez o Sol e a candura das crianças, Fez também o soluço e a lágrima dorida, E se fez a bondade envolta de esperanças, Criou a dor clareando a escuridão da vida. Há risos e esplendor e há prantos, filhas minhas, Porque o pranto é que lava as manchas e os negrumes De almas torvas e vis, misérrimas, mesquinhas, Transformando-as em luz e em vasos de perfumes!... A lágrima da dor é estrela que transluz, Um coração que sofre é chama que se eleva Da túrbida hediondez dos pantanais da treva, As regiões da glória intérmina da luz. Sobre o escuro, porém, das lepras mal cheirosas, Paira o clarão do amor, edênico e sem par, Que liga o verme ao mar, que une a pomba às rosas, Que o grão de areia une ao roble secular. O amor que fraterniza, o amor que dá saúde, Que irmana a fera e a rosa, as aves e os chacais, Que faz da Caridade a flama da Virtude, Que sublime conduz aos planos celestiais. Filhas que Deus me deu, vinde alegres, comigo, Vinde comigo ver a dor dos desgraçados Que chorando se vão, sem pátria e sem abrigo, Cheios de sânie e pus, com os corpos cancerados. Aproveitemos, pois, esta hora calma e mansa, Em que há músicas no ar e olores nas estradas, Hora em que a Terra acorda em haustos de esperança, Ébria de aroma e luz das flores orvalhadas. Saúdam o alvorecer as vozes das ovelhas, Perpassam colibris, chilreia a passarada, Zumbem sofregamente as trêfegas abelhas, Compondo o hino de sol de esplêndida alvorada! Partamos nós, também, por este mundo afora, Nutrindo o coração na fonte da esperança, Dando consolo à dor, à treva a luz da aurora, A paz à guerra e à luta os lírios da bonança. Conduzamos conosco a luz da Caridade, Oferecendo o Bem aos pobres pequeninos, Ofertando com amor a toda a Humanidade Esse pão divinal que é dos trigais divinos. Espalhemos a Fé, a Caridade e a Crença, Tenhamos a nossalma em delubros de luz, E acharemos no fim da romaria imensa, O sol primaveril da graça de Jesus!"
Guerra Junqueiro,Eterna vítima,"Na silenciosa paz do cimo do Calvário Ainda se vê na cruz o Cristo solitário. Vinte séculos de dor, de pranto e de agonia, Represam-se no olhar do Filho de Maria. Abandonado e só na aridez da colina Sofre infindo martírio a vítima divina; Açoitado, traído e calmo, silencioso, Da Terra ao Céu espraia o seu olhar piedoso. Dois mil anos de dor, e os seus cruéis algozes Passaram sem cessar como chacais ferozes. Caravanas de reis nos tronos passageiros, Exaltados na voz das trompas dos guerreiros; Os lendários heróis no dorso dos corcéis, Inscrevendo com fogo as máximas das leis. Cavalheiros gentis, valentes brasonados, Nobres de sangue azul nos seus mantos dourados. Viram-no seminu, na cruz, ensangüentado, E puseram-se a rir do louco supliciado! O Cristo continuou, humilde e silencioso, Espraiando na Terra o seu olhar piedoso. Sábios do tempo antigo abrindo os livros santos Olharam-no também, partindo como tantos. Artistas e histriões, poetas e trovadores, Castelãs juvenis, turbas de gosadores Inda vieram; depois, aqueles que em seu nome Espalharam a treva, o pranto, a guerra e a fome. Desolação e horror, mataram-se os irmãos, Lobos, tigres, chacais, na capa dos cristãos. Contemplaram Jesus no cume da colina, Multiplicando a guerra, as lutas e a chacina. O Mestre prosseguiu, sublime e silencioso, Espraiando na Terra o seu olhar piedoso. E na época atual a caravana estranha Estaca no sopé da árida montanha; Mas os soberbos reis e césares antigos, Hoje mais nada são que míseros mendigos; Os nobres doutro tempo, agora transformados Nos párias do amargor, nos grandes desgraçados, Agora vêem, sim, no topo do Calvário, O sacrifício e a dor do eterno visionário, Bradando com furor: — ―Socorre-nos Jesus! Que possamos vencer a dor em nossa cruz. Sorvendo o amaro fel nas dores da aflição, Temos fome de paz e sede de perdão!  E o Mestre da bondade, o anjo da virtude, Estende o seu perdão cheio de mansuetude. E do cimo da cruz, calmo e silencioso, Consola a multidão com o seu olhar piedoso."
Guerra Junqueiro,A um padre,"Ó padre lutador, procurai santamente Apregoar ao mundo herético e descrente Os dogmas ancestrais da vossa velha Igreja! A árvore do progresso, esplêndida, viceja. A Ciência caminha a passos de gigante Para se unir à Fé, operosa e triunfante. É preciso instalar a Inquisição de novo, Contendo a aspiração indômita do povo, De saber a verdade acerca do Destino. Proclamai, proclamai o dogma divino! Fazei bulas, torcei as leis, trazei Loiolas, Ensinai catecismo em todas as escolas; Ponde sobre a esperança o inferno que flameja, Cheio de excomunhões e de mastins da Igreja! Ensinai que Deus é o bramânico satrapa Que enviou para o mundo os bergantins do papa, Afirmai que um sacrista é um ministro do Eterno. Comei Jesus no pão refogado em falerno; Formai sob a batina as gerações vindoiras, Tomai em vossas mãos das crísticas tesoiras, Cortai a asa de luz de toda liberdade, Afogai na descrença a pobre Humanidade, Multiplicai no mundo as vossas benzeduras, Multiplicai na Igreja os ritos e as tonsuras! Teologicamente, anatematizai Todo aquele que em Deus sentir o amor de um Pai, Ponde em cada recanto um novo Torquemada, E um trapo de batina ao pé de cada estrada; Fazei autos-de-fé, pregai probabilismos Dentro das liações e dos anacronismos, Endeusai sobre o trono a fortuna dos Cresos, Esquecei sobre a lama os pobres indefesos. Transformai todo templo em balcão de bentinhos, Com representações em todos os caminhos; Interpretai Jesus no prisma do interesse, Traficai com o altar, vendei o ensino e a prece, Anatematizai todas as heresias; Aprovai, aplaudi as grandes simonias, Porque, em verdade, são como crimes sagrados E a. estola de um sacrista é isenta de pecados. Incensai Harpagões, absolvei magnatas, Entre encomendações, discursos, sermonatas; Lembrai a Inquisição e a história do papado, Retende na memória os erros do passado. Lede com desassombro o intrépido Barônio, Sem o medo pueril do inferno e do demônio, E vinde proclamar ao mundo fariseu Que somente na Igreja há sendas para o Céu; Só a Igreja possui a santa autoridade, Dentro das presunções da infalibilidade. Sobre o luxo gritai no púlpito florido, Gritai que o mundo está perverso e corrompido. Escrevei com furor contra as guerras tigrinas, A abençoar fuzis, metralhas, carabinas, A discórdia infundi! Nutri regionalismos, Incentivai com ardor os rubros fanatismos. Se puderdes, irmão, arma! nova fogueira A quem asseverar que o Papado é uma feira Onde Deus é um cifrão e onde se negocia A bênção de Jesus, e a bênção de Maria; Onde a verdade está sob as cavilações Dos círculos hostis de torpes convenções! Praticai e afirmai ainda mais do que isto. Tendes a autoridade e a mansidão do Cristo... Mas, ouvi minha voz impávida e serena!... Fazendo-vos ouvir, tomando a vossa pena, Jamais vos esqueçais de que a verdade é de ouro. Afastarmo-nos dela. é andar no sorvedouro Da calúnia que fere o coração mais rude, Da mentira que, enfim, não alcança a virtude, Que traz, porém, consigo o vírus que envenena! Quem perpetra a inverdade a si mesmo condena. A luta da verdade, a luta das idéias, É feita nos clarões das grandes epopéias, Abrindo o coração ao nobre sacrifício; Cada gesto leal é sublime interstício Por onde a Luz penetra em jorros cristalinos, Clareando o porvir ignoto dos destinos. Criar uma ficção e excomungar de oitiva, É próprio das paixões e próprio da inventiva. Nunca vos entregueis a tanto despautério, Jamais enxovalheis o vosso ministério. Acostumai-vos, pois, ao sol que tudo aclara; Deixai a insensatez dos clérigos, da tiara, Abandonai a treva e vinde para a luz! Aprendei muito mais do exemplo de Jesus. Olvidai convenções, congregações, papado, Que a Verdade jamais se vende no mercado."
Guerra Junqueiro,"“Um Quadro da Quaresma”","Entre lamentações e estrídulas matracas, Num cenário infantil, feito de gesso e lacas, Representa-se a peça antiga da quaresma... O pobre Senhor-Morto, um pálido abantesma, Talhado de encomenda, em tinta espessa e forte, Dorme grotescamente o sono dessa morte De teatro burlesco, anual, que se repete, Como as grandes funções do entrudo e do confete. Imóvel, sob a luz esdrúxula das tochas Que ilumina esse caos de tintas rubro-roxas, É o ator da paixão, a vítima e comparsa Do Papa, o explorador santíssimo da farsa, Paródia de uma dor sublime e incomparável, Filha da estupidez bisonha e condenável, Que a Igreja representa, arrecadando esmolas, Com latim, cantochãos, bandeiras e sacolas. A função quaresmal prossegue. A multidão Espera com ansiedade o clássico sermão. Numa fantasmagoria esplêndida de aroma Dos Incensos do altar, sobre o púlpito assoma Uma figura heril de abade gordo e enorme, Coquelin tonsurado, obeso, desconforme, Que grita com estentor: ―Caríssimos Irmãos! Nós somos sobre a Terra os únicos cristãos. Fora das concepções altíssimas da Igreja, Existe tão-somente o Inferno que despeja O mal e as tentações no espírito perdido; Rezai! que atualmente o mundo pervertido Pretende esfacelar os dogmas romanos, Sentinelas da fé, há quase dois mil anos! Não busqueis progredir nas coisas transcendentes, Porque o Papa é senhor de céus e continentes E o Sílabus proíbe a evolução de tudo! Eu só vos peço a fé, porqüanto a fé é o escudo Que vos há de livrar dos gênios tentadores. Evitai conviver com os livres pensadores! A análise conduz à escuridão do Averno, Voltaire e Galileu são ministros do Inferno, Calvino, Comte, Wesley, seus embaixadores; Das chamas infernais, criaturas inferiores Dirigem, certamente, o espírito moderno. Precisais cultivar o nosso dogma eterno, De eterna submissão ao Papa que é infalível. Toda ordem de Roma é boa e indiscutível. É preciso antepor, a toda a Humanidade, Sentimentos de fé e catolicidade. Necessário se faz prender quem raciocine. Reformistas quaisquer?... Satanás que os fulmine A falta de fervor tem feito heresiarcas, Tem até corrompido os padres e os monarcas. Obedecei à Igreja em sua Santidade, Que é o traço de união do arcano da Trindade. O dogma é uma lei benigna e sublime, Sofismá-lo, enformá-lo, é cometer um crime. A Humanidade está sob o império do demo; Oremos pelo mundo em desconforto extremo. Vivei, caros irmãos, em santa penitência; As mortificações recebem da indulgência Os prêmios celestiais na Eterna Beatitude. Sede firmes na fé, contentes na virtude, Amando a caridade, a humilde singeleza, Como Jesus amou a glória da pobreza!  Condenando a Ciência, a Luz, a Liberdade, E abominando o Cristo, o Senhor que ele esquece, Terminou a oração, rogando que se desse Uma estola ao Progresso e um véu à Humanidade. Com um aceno abençoou, segundo o gesto em uso, Resmungando um latim exótico e confuso; E depois de exercer seu santo ministério, Procurou lestamente o calmo presbitério. Aguardava-o o jantar de finas iguarias: Pratos de ostentação, recheios, ambrosias, Licores, moscatéis, confeitos, doces raros, Opíparo jantar regado a vinhos caros. E após se abastecer pantagruelicamente, Em paz sacramental, seu cérebro indolente Desejou meditar nas cenas do Calvário... Mas o sono roubou-lhe as preces e o breviário. Terminada que foi a sacra pantomima, Esquecido Jesus, olvidou-lhe a doutrina. Sereno, adormeceu sem pensar que pusera Em cada coração um coração de fera, Com o seu rubro sermão, cavando um negro abismo, Propagando a cegueira, a guerra e o fanatismo. Olvidou o que Jesus obrara com o exemplo, Dos atos a lição, da caridade o templo, Sem artigos de fé, sem bispo e vaticano. Não se lembrou que houvera o bom samaritano, Porque a verdade pura, o lídimo Evangelho, Era um livro escurril, inadequado e velho. Da doutrina cristã, a sacrossanta essência Ficou em pregação de mágica eloqüência. Jesus apenas fora a máscara piedosa, Para tanta extorsão impune e criminosa. Por isso, ó meus irmãos do altar e da batina, A Igreja que foi pura e que já foi divina, Morre sem remissão de horrível carcinoma, Nos pântanos letais e lúgubres de Roma, Lá onde a cupidez fatídica se entrapa E morre às próprias mãos sacrílegas do Papa!"
João de Deus,As lágrimas,"Desci um dia Ao sorvedouro Da atra agonia Da Humanidade, A procurar, A perscrutar Qual a verdade, Qual o tesouro O mais profundo, Que neste mundo O homem prendesse E o retivesse. E vi, então, No coração Da criatura, Só a ilusão Duma ventura. E vi senhores Que dominavam E se orgulhavam Do seu poder, Sempre a abater Os desgraçados. Os potentados Com seus valores Bem se julgavam Onipotentes, Heróis valentes Cá nesta vida... Depois, porém, Reconheceram E viram bem Nesta existência Toda a impotência Do deus-milhão, Perante a mão Da fria dor, Que lhes domava E lhes dobrava O torpe egoísmo. Busquei os lares, Ricos solares Dos protegidos, Onde o conforto Para a matéria Anda em contraste Com atroz miséria Dos desvalidos. E ainda aí Não pude achar O que eu ali Fui procurar. Eu vi mulheres Nos seus prazeres, Jovens e belas, Alvas estrelas De formosura, Rindo e cantando Dentro da noite Da desventura. Pobres donzelas, Fanadas flores... Luz sem fulgores, Que, miseráveis Párias da vida, Deixam o teto Do seu afeto Maior, supremo, Insuperável. Somente encontram Dores que afrontam, Mágoa insanável, Incompreendida! E penetrei Pelos castelos Dourados, belos, Das diversões, Onde se aninha E se amesquinha A multidão Que busca rir, Gozar, sorrir, A ver se esquece O que padece, Julgando crer Que está a ver O paraíso. Mas este riso, Ao som da festa, À meia luz, É o que produz Todo o amargor, A maior dor, Pois eu ali Tristonho vi O que em verdade É a sociedade; Só pensamentos Das impurezas, Só sentimentos Que trazem presas, Aniquiladas, E esmagadas, Ensandecidas As criaturas Outrora puras, Belas outrora, No entanto agora Flores perdidas, Almas impuras, Desiludidas! Nesse recinto Eu vi, então, A traição, A iniqüidade, A grosseria, Toda a maldade Da hipocrisia; E tudo, enfim, Tristonho assim, Dissimulado, Falsificado No fingimento Que aparecia No barulhento Rumor de vozes, Notas atroses, De uma alegria Jamais sentida, Desconhecida Naquele meio. Eu contemplei-o Cheio de horror E vi que as flores, As pedrarias Tão luminosas, Eram sombrias, Eram trevosas, Pois só cobriam Míseros trapos, Pobres farrapos De almas perjuras Ao seu Criador, Fracas criaturas Baldas de amor. E, condoído, Desiludido, Desanimado, Num forte brado Disse ao Senhor: ―Onipotente Pai de Bondade, Oh tem piedade Dos filhos teus Que choram, gemem, Pálidos tremem Ó Senhor Deus! Faze que a luz Do bom Jesus Penetre a alma Na Terra aflita, Dando-lhe a calma Que necessita. Só conheci E encontrei, Só contemplei O mal que vi.  Mas uma vos Do azul do Céu, Pronta e veloz, Me respondeu: “Filho bendito Do meu amor, Sou teu Senhor, E no Infinito Tudo o que fiz, Nada se perde, Assim tornando O ser feliz. Contempla, ainda, A Terra linda E então verás, Donde provém A grande paz, O sumo bem. O grão tesouro, Mais fino ouro Dos filhos meus, Está na luta, Nos prantos seus, Que lhes transforma A alma poluta Num ser radioso, Astro formoso De pura luz!” Eu ajoelhei E Contemplei As multidões Atropeladas, Desenganadas Nas perdições. Vi transformadas Todas as cenas; Em todos os seres, Homens, mulheres, Jovens, crianças, Nas grandes penas, Nas esperanças, Por entre a luz, Por entre flores, Brotar a flux No coração De cada ser, Em profusão, Gotas pequenas Como as brilhantes Luzes serenas Das madrugadas Primaveris. Reconheci Que por aí Na escura Terra Onde eu amei, Sorri, chorei, Onde sofri E onde eu vi A dura guerra, A amarga dor, Lágrimas belas, Gotas singelas, Meigas, serenas, Eram açucenas De fino olor Do espaço azul! Depois, eu vi Que os que as vertiam Por este mundo, Vale profundo De mágoa e dor, Quando voltavam Do seu exílio, Eram saudados Por mensageiros De amor e luz Do bom Jesus, Que os coroavam Com gemas finas, Jóias divinas Do escrínio santo, Primor de encanto Do amor de Deus. Fui então vendo, Reconhecendo Que aqui nos Céus, Lágrimas lindas São transformadas, Remodeladas Para formarem Belo diadema E aureolarem Os que as verteram Aí na Terra. E vi, então, Em profusão, Gemas brilhantes, Alvinitentes, Ricas, fulgentes E deslumbrantes, Que nem Ofir Pôde possuir. Sejam benditas, As pequenitas Gotas de pranto, Orvalho santo Do amor divino Que dá ventura, Tranqüilidade, Felicidade Ao peregrino. Bendito o Pai, O Nosso Deus Que abranda o ai Dos filhos seus; Que a alegria E a paz envia À Humanidade Tão sofredora, Com a lágrima bela, Luzente estrela Consoladora!"   
João de Deus,O Céu,"Pátria ditosa e linda, e onde o mal Desaparece ao meigo olhar do Amor, Que entre os seres do Além é sempre igual, No mesmo anseio santo e superior! Lá não se vê traição e cada qual Urde alí sua auréola de esplendor, Doce Mansão de Paz, imaterial, Onde impera a bondade do Senhor! Porto de Salvação para quem crê Nessa Praia do Azul, que se antevê, Pelo poder da Fé, na provação; País dos Céus, aonde o pecador, Depois de bem sofrer aí a dor, Vai ali encontrar Consolação."
João de Deus,Morrer,"Não mais a dor intensa e desmedida No momento angustioso de morrer, Nem o pranto pungente por se ver Um ser amado em horas da partida!... A morte é um sono doce; basta crer Na Paz do Céu, na Terra apetecida, Para. se achar o Amor, a. Luz e a Vida, Onde há trégua à tristeza e ao padecer. Venturosa região do espaço Além, Onde brilha a Verdade e onde o Bem É o fanal reluzente que conduz; Mansão de claridade e pulcritude Onde os bons, que adoraram a Virtude, Gozam do afeto extremo de Jesus."
João de Deus,O mau discípulo,"Era uma alma Formosa e bela: Fúlgida estrela De puro alvor, Que habitava Qual uma flor O espaço infindo, Imenso e lindo, Nessas regiões Onde há mansões Purificadas, Iluminadas Do Criador. Porém, um dia, Disse Jesus A quem vivia Em meio à luz: ―Filho querido, Estremecido, Dos meus afetos! Tu necessitas Buscar a Vida Em meio às vagas Das provações! Dentro das lutas, Tredas disputas Do Bem, do Mal, É que verei Se o que ensinei Ao teu valor, Aproveitaste E assimilaste Em benefício Da lei do amor, Do sacrifício!... Tens a fraqueza Da imperfeição Aqui, porém, Já te mostrei A lei do amor, Luz do Senhor — O sumo bem. Tu lutarás, Mas vencerás Se bem souberes Te conduzir Nesses caminhos Entre prazeres, Risos e flores, Por entre espinhos, Mágoas e dores... E se aprenderes Saber viver, Sorrir, sofrer, Conquistarás A grande paz, A grande luz Que eu, teu Jesus, Reservarei E hei de guardar Para a tua alma, Ao regressar. A dor, somente A luta amara Lá nos prepara Para vivermos, Tranqüilamente, Nessas moradas Iluminadas Do nosso Pai! Luta e trabalha Singelamente Nessa batalha Que te ofereço, Pra conquistares A luz, o amor Do teu Senhor. Tu viverás Entre os brasões Das ilusões Da Terra impura; Conhecerás Lindas riquezas Iluminando E te ensinando O bom caminho, A boa estrada E com carinho Sempre a mostrar-te A caridade Com toda a luz Que ministrei Ao teu pensar, E ora conduz Teus sentimentos, Teus pensamentos, A perfeição Do coração. Caminha avante, Na deslumbrante Rota do amor! Espalha o olor Que já plantei E fiz brotar, Que cultivei Dentro em teu ser. Sê sempre amigo Dos sofredores, Dos que padecem Sem conhecer Sequer abrigo Onde isolar-se, Onde guardar-se Das fortes dores Que acometem Os sofredores. Sê a Bondade Entre a maldade Dos homens feros, Ambiciosos, Frios, austeros, Pecaminosos. Se assim fizeres E procederes, Sempre cumprindo Os teus deveres, Tornar-te-ás Em verdadeiro Anjo da paz, Em mensageiro Do Deus de amor. Assim darás A Humanidade O testemunho Da caridade Do teu Senhor!  A alma formosa Então desceu Para lutar, A conquistar Maior ventura, Rútila e pura Aqui no Céu. Então, nasceu Num lar ditoso, Régio, faustoso, Dos venturosos, Onde a alegria Reinava, e ria Constantemente, Proporcionando A rica gente Que o habitava Os belos gozos, Lindos, formosos, Mas irreais, Desses palácios Materiais. Ainda criança, Era adorado, Felicitado Nessa abastança; Naquele lar, Rico alcaçar Dos abastados, Ele então era A primavera Dos áureos sonhos Dos pais amados! Assim cresceu, Belo esplendeu, Na mocidade. Ganhou saber Nobilitante, A luz brilhante Dessa ciência Que, na existência, Por planetária, Faz com que a alma Se torne egoísta E refratária A lei de Deus. Tornou-se esquivo, Cruel e altivo A Humanidade Não praticando Mas renegando A caridade. O que aprendera No Infinito E prometera Ao bom Jesus, Tudo esquecera Em detrimento Do sentimento Que então trouxera, Cheio de luz. Refugiou-se Na vã Ciência, Despreocupou-se Com a consciência. Na Academia Dos homens sábios, Ele esplendeu No vão saber; O infeliz ser Viveu dos lábios, Seu coração Jamais viveu! Foi uma flor, Mas sem olor; Fulgiu, brilhou, Mas renegou A lei do amor. E da existência Da própria alma Por fim descreu, A relegar, Como um ateu, Filho do Mal, A imensa luz Espiritual. Foi refratário Ao próprio afeto Dos pais que o amavam E idolatravam Com mór ternura, Dele esperando Sua ventura. Os próprios filhos, Suaves brilhos Da nossa vida, Nossa esperança Encantadora, Os desprezou, Somente amando Sua ciência Enganadora. Só procurou Brilhar, fulgir; Nunca buscou, Assim, cumprir Sua missão. Sempre espalhou, Em profusão, Suas idéias Tristonhas, feias, Do ateísmo Desventurado. Nunca estancou Uma só lágrima; Nunca pensou Uma ferida, Que brota nalma Desiludida; Não consolou O que sofria, De quem fugia Sem compaixão! Enfim, viveu Só na Ciência, Nessa existência Que passa breve!. O ingrato teve Mil ocasiões De praticar Boas ações E espalhar O amor e a luz Que o bom Jesus Lhe concedera: Mas, infeliz, Jamais o quis. Porém, um dia, A Parca fria, A morte amara, Cruel, avara E dolorosa, O arrebatara Nessa escabrosa Escura via, E o conduziu Para o Infinito, Onde, num grito, Ele acordou Do seu letargo, Do sono amargo Em que viveu. Ao descerrar O negro véu Do esquecimento, Sentiu seus olhos Enevoados, Tristes abrolhos No pensamento! Olhou o abismo Do pessimismo Em que vivera, Por onde sempre Se comprazera. Sentiu-se, então, Abandonado, Amargurado Na aflição! Somente, assim, Dentro da dor, Lembrou de Deus, Do seu amor, A implorar Da luz dos Céus Consolação! Das profundezas Do coração, Íntima voz Disse-lhe então: “Ó mau discípulo, Em quem eu pus Todo o esplendor Da minha luz, Do meu amor! Tu te perdeste Por teu querer, Pelo viver Que demandaste. Jamais soubeste Te conduzir, E assim cumprir O teu dever. Por isso, agora, Minhalma chora Ao ver que és Mísero ser. Tu renegaste E desprezaste A inspiração Do Deus de Amor! Tua missão Que era amar E assim curar A alheia dor, Em luz perdida, Foi convertida Em fero braço Esmagador. O grande amor — Fraternidade, Que então devias, Entre alegrias, Oferecer À Humanidade, O abafaste Como se fosse Assaz mesquinho, Quando só ele É o caminho Que nos conduz À salvação, À perfeição, À região Da pura luz! Sempre esqueceste Os teus deveres. Dos próprios seres Que te adoravam, Que mais te amavam, Foste inimigo, E até negaste A existência Da própria alma, A consciência! Constantemente, Continuamente, Foste um ingrato E eu te julgara Um lutador Intimorato...” Calou-se a voz. E o pranto atroz Jorrou, então, Do coração Do miserável, Ser execrável Que não soubera E nem quisera Compreender O seu dever. Entre lamentos E dissabores, Padecimentos, Frios horrores, Ele chorou E lamentou, Por muitos anos, Seus desenganos Na senda triste, Fatal, amara, Que assim trilhara Na perdição. Envergonhado, Espezinhado Na sua queda, Correu sozinho O mundo inteiro, Qual caminheiro A quem negassem Um só carinho. Perambulou Qual Aasvero, Sofreu, clamou, Supliciado; E, muitas vezes, O seu olhar, Amargurado, Triste pousou Sobre o lugar Onde pecou. A pobre mão Sempre estendeu Pedindo o pão, Pedindo luz, A lamentar A sua cruz! Jamais alguém Quis escutá-lo; O mesmo bem Que ele fizera, Assim lhe era Retribuido... E o pobre Espírito Desiludido, Desanimado, Desamparado, Só encontrava Consolação Nas lágrimas tristes Que derramava Em profusão. Até que um dia Em que sofria, Mais padecia A dor feroz, Cruel e atroz, A alma triste E solitária, Experimentada, Extenuada No atro sofrer, Cheia de unção Por entre prantos, Formosos, santos, Disse ao Senhor Numa oração: ―Ó Mestre Amado, Sei que hei pecado E transgredido As tuas leis, Tendo comigo A tua luz, Ó bom Jesus! E mesmo assim, Eu me perdi Por meu querer, Pois não cumpri O meu dever!... Fui a grilheta Da impiedade, Pobre calceta Da iniqüidade. Mas tu que és bom, Tão justo e santo, Sabes do pranto Das minhas dores, No meu viver Sem luz, sem flores, E hás de acolher Minha oração Cheia de fé!... Dá-me o acúleo Da expiação, Para que seja Exterminado O meu orgulho. Oh! dá-me agora A nova aurora De uma existência De provação. Quero sofrer Dura pobreza, Sempre viver Na singeleza. O meu desejo É só voltar À Terra impura Onde eu pequei, Para ofertar À criatura O grande amor Que lhe neguei. Não quero ter Nem um só dia Dessa alegria Que desfrutei, Mas só trazer No coração Todo o amargor Da privação. Não quero ver O dealbar De uma esperança; O próprio lar, Onde se encontra Maior ventura, Não quero ter; Nunca, jamais, Hei conhecer O que é sorrir! Quero existir Desconhecido, Incompreendido Em minha dor; Então serei Ramo perdido, Árido e seco Pelo vergel Enflorescido. Conhecerei A dor cruel Que nos retalha O coração. Nessa batalha Que empreenderei, Quero ganhar E conquistar A luz, o pão, O agasalho, Com meu trabalho. Eu só almejo Compreensão Para mostrar O teu perdão, Claro e sublime Para o meu crime, Ó bom Jesus, Ó Mestre Amado! Eu lutarei E chorarei Nas rijas dores Mais inclementes, Nos turbilhões Incandescentes Das amarguras, Cruéis e duras Das aflições. Agora eu vejo Que na existência A grã ciência Só é grandiosa, Só é formosa, Quando aliada Da caridade, O puro amor. Quero com ardor Bem conquistar A perfeição! Serei, portanto, Neste planeta, Como a violeta Sob a folhagem... Viver somente Pela voxagem Das desventuras. Quero sofrer Com humildade, E sempre ter Em mim bondade, Feliz dulçor Da caridade!...  E o Mestre Amado, Compadecido Do pobre Espírito Dilacerado, Enfim, perdido, Deu-lhe o perdão, A permissão Para voltar A antiga arena —Luta terrena, Oferecendo-lhe Ocasião Para tornar-se Mais venturoso E sempre digno Do seu perdão. Seja bendito, Pelo infinito Desenrolar E perpassar De toda a idade, O bom Jesus, Que, com sua luz E terno amor, Escuta a prece De quem padece, Fazendo assim Desabrochar O dealbar Das alvoradas Iluminadas De muitas vidas, Belas, queridas, Para lutarmos E nos tornarmos Dignos do Amor Inigualável, Incomparável, Do Criador!"
João de Deus,Na estrada de Damasco,"Num certo dia A Ambição, De parceria Com o Orgulho, Chamou o homem Jatancioso, Rude e cioso Do seu poder E vão saber, E assim lhe disse: ―Homem, tu és Senhor potente, Grande e valente Aqui no mundo; E se quiseres Tornar-te um rei Da imensa grei Da Criação, É só viveres A procurar Mais dominar Os elementos A transudar Nos sentimentos. Maior coragem Para ganhares Sempre vantagem No teu viver, E conquistares Sempre o poder Dos triunfantes. Aos semelhantes Em vez de amá-los Tais como irmãos, Faze-os vassalos No teu reinado, Glorificado De grão-senhor! E o pecador, Ser imperfeito Se achasse embora, A seu agrado, Bem satisfeito, Foi sem demora Então chamado Por um juiz De retidão, Que é a Consciência, Nesta existência De provação, Que então lhe diz: ―Mas, e o bom Deus Que está nos Céus, Que tudo vê, Sabendo assim Quanto a tua alma Dele descrê? Ele é o teu Pai, O Criador, O Deus de amor. E o bom Jesus, Nosso Senhor, Mestre da luz, O Filho amado Que à Terra veio, A este mundo Ingrato e feio A redimir, E assim banir O teu pecado? Ele te amou E te ensinou Que ao teu irmão Tu deves dar, Nunca negar A tua mão; E espalhar Somente amor, A relegar Toda a maldade, Para que um dia Te fosse dado Reconhecer, Com alegria, O solo amado Do eldorado Dos belos sonhos, Lindos, risonhos, Do teu viver. Assim, procura Melhor ventura Em só buscar, Acompanhar, Seguir Jesus Em sua dor, Em seu amor, Em sua cruz!  Mas, o tal homem Tão orgulhoso, Que já se achava Bem poderoso, Achou estranho Esse conselho: Rigor tamanho Não poderia; Isso seria Obedecer E se humilhar; E ele havia Aqui nascido Só para ser Obedecido, Tendo o poder Pra dominar. Assim, buscou E perguntou Aos companheiros Eles, então, Lhe responderam No mais profundo Do coração: — ―Esse conselho É muito velho! Deus é irrisão. E o tal Jesus, Com sua cruz E seu calvário Somente foi Um visionário. Enquanto ele Só te oferece Amargas dores. Desolações, Tristes agruras, Cruéis espinhos, Nós concedemos Ao teu valor De grão-senhor Sublimes flores, Lindos brasões, Grandes venturas Nesses caminhos Quem mais souber Gozar e rir, Mais saberá O que é existir. A vida aqui Só é formosa Para quem goza; E pois, assim, Vale o gozar Constantemente, Pois vindo a Parca Bem de repente, Há de levar Esse teu sonho De amar, sofrer, Ao caos medonho Do mais não-ser; Porque a morte Tão renegada, Essa é apenas O frio nada. O louco amor Do teu Jesus, Exprime a dor E não a luz.  E assim, quando O homem fraco E miserando Mais se exaltou E se jatou, Onipotente, Chegou a Dor Humildemente, A lapidária, A eterna obreira, A mensageira Da perfeição, Nessa oficina Grande e divina Da Criação; Fê-lo abatido E desolado, Até enojado Do corpo seu: Apodreceu O seu tesouro. E o homem-rei Reconheceu Que o paraíso Dos sãos prazeres Vive nas luzes Só da virtude, No cumprimento Dos seus deveres, Na humildade, Na caridade, Na mansuetude, Na submissão Do coração Ao sofrimento, Quando aprouver Ao Deus de Amor Oferecer Rude amargor Ao nosso ser. Depois, então, De mui sofrer E padecer Na expiação, Reconheceu A nulidade, A fatuidade Da vil matéria! Na atroz miséria Dessa agonia, Só procurou Buscar se via Os seus mentores Enganadores, Altivos filhos Da veleidade. Só encontrou O juiz reto, O Magistrado Incorrutível Da consciência, E que, num brado Indescritível, Em conseqüência, Lhe fez com ardor Ao coração Ermo de afeto, Ermo de amor, A mais tremenda Acusação! É o que acontece Em toda a idade, Com a maioria Da Humanidade; Pois sempre esquece Os seus deveres E se submerge Nos vãos prazeres. Para a alegria Fatal converge O seu viver, Para o enganoso, Efêmero gozo Do material, A esquecer Tudo o que seja Espiritual. Feliz de quem Aí procura Maior ventura No sumo bem; Porque verá, Contemplará Todo o esplendor. A eterna luz, Do eterno amor Do bom Jesus."
João de Deus,Parnaso de Além-Túmulo,"Além do túmulo o Espírito inda canta Seus ideais de paz, de amor e luz, No ditoso país onde Jesus Impera com bondade sacrossanta. Nessas mansões, a lira se levanta Glorificando o Amor que em Deus transluz, Para o Bem exalçar, que nos conduz A divina alegria, pura. e santa. Dessa Castélia eterna da Harmonia Transborda a luz excelsa da Poesia, Que a Terra toda inunda de esplendor. Hinos das esperanças espargidos Sobre os homens, tornando-os mais unidos, Na ascensão para o Belo e para o Amor."
João de Deus,Angústia materna,"Ó Lua branca, suave e triste, - A Mãe pedia, fitando o céu — Dize-me, Lua, se acaso viste Nos firmamentos o filho meu. A Morte ingrata, fria e impiedosa, Deixou vazio meu doce lar, Deixou minhalma triste e chorosa, Roubou-me o sonho — deu-me o penar. Se tu soubesses, Lua serena, Como era grácil, que encantador Meu anjo belo como a açucena, Cheio de vida, cheio de amor!...  Disse-lhe a Lua — ―Eu sei do encanto, Dum filho amado que a gente tem; E das ausências conheço o pranto, Oh! se o conheço, conheço-o bem!... — ―Então, responde-me sem demora, Continuava, sempre a chorar: Em qual estrela cheia de aurora Foi o meu anjo se agasalhar?.. .― — ―Mas não o avistas — responde-lhe ela — Naquela estrela que tremeluz? Abre teus olhos... É bem aquela Que anda cantando no céu de luz.  E a Mãe aflita, martirizada, Fitou a estrela que lhe sorriu, Sentiu-lhe os raios, extasiada, E dos seus cantos, feliz, ouviu: — ―Ilha pacífica, da esperança, Sou eu no mar do éter infindo; Do sofrimento mato a lembrança E abro o futuro, ditoso e lindo. Do Senhor tenho doce trabalho, Missão que é toda só de alegrias: Flores reparto cheias de orvalho, Flores que afastam as agonias.   — ―Quase te odeio, luz de alvorada, Ó linda estrela que adorna o céu, Gritou-lhe a pobre desconsolada, Porque tu guardas o filho meu.  — ―Se tu me odeias, se me detestas, Contudo eu te amo e pergunto: quem Não tem saudades das minhas festas? O teu anjinho teve-as também. Em mim a noite não tem guarida, Aqui terminam os dissabores; Aqui em tudo floresce a vida, Vida risonha, cheia de flores!...  A mãe saudosa, banhada em pranto, Notou de logo seu filho lindo, Todo vestido dum brilho santo, Num belo raio de luz, sorrindo... Disse-lhe o filho — ―Tive deveras Muita saudade, mãezinha amada, Senti a falta das primaveras, Senti a falta desta alvorada!... Não resisti... Tanta era a saudade! Voltei do exílio, fugi da dor, Aqui é tudo felicidade, Paz e ventura, carícia e amor! Ó mãe, perdoa, se mais não pude Ficar contigo na escuridão, A Terra amarga, tristonha e rude, Envenenava meu coração. Aqui, na estrela, também há fontes, Jardins e luzes e fantasias, Sóis rebrilhando nos horizontes, Sonhos, castelos e melodias. Daqui te vejo, daqui eu velo Pelo sossego dos dias teus; Faço-te um ninho ditoso e belo, Muito pertinho do amor de Deus!...― Aí os olhos da desditosa Nada mais viram do Eterno Lar. Viu-se mais calma, menos saudosa, E, estranhamente, pôs-se a chorar..."
João de Deus,Lamentos do órfão,"Minha mãezinha, alguém me disse, Que tu te foste, triste sem mim; Já não me embala tua meiguice, E não podias partir assim. Eu acredito que tenhas ido Pedir a Deus, que possui a luz, Que de mim faça, do teu querido, Um dos seus anjos, outro Jesus. Mas tanto tempo faz que partiste, Que me fugiste sem me levar, Que sofro e choro, saudoso e triste, Sem esperanças de te encontrar. Há quantos dias que te procuro, Que te procuro chamando em vão!... Tudo é silêncio tristonho e escuro, Tudo é saudade no coração. Outros meninos alegres vejo, Numa alegria terna e louçã, Que exclamam rindo dentro dum beijo: ―Como eu te adoro, minha mamã!  Sinto um anseio sublime e santo, De nos meus braços, mãe, te beijar; E abraço o espaço, beijo o meu pranto, Somente a mágoa vem-me afagar. Inquiro o vento: — ―Quando verei Minha mãezinha boa e querida?  E o vento triste diz-me: — ―Não sei! ... Só noutra vida, só noutra vida!... Pergunto à fonte, pergunto à ave, Quando regressas dos Céus supremos, E me respondem em voz suave: ―Nós não sabemos! nós não sabemos!... Pergunto à flor que engalana a aurora, Quando é que voltas desse país, E ela retruca, consoladora: ―Depois da morte serás feliz.   E digo ao sino na tarde calma: ―Onde está ela, meu doce bem?   Ele responde, grave, à minhalma: ―Além na luz! Na luz do Além!.. .― O mar e a noite me crucificam, Multiplicando meus pobres ais, Cheios de angústias, ambos replicam: ―Tua mãezinha não volta mais.   Somente a nuvem, quando eu imploro, Diz-me que vens e diz que te vê; E me conforta, do céu, se eu choro: ―Eu vou chamá-la para você.   Sempre te espero, mas, ai! não voltas, Nem para dar-me consolação; Ó mãe querida, que mágoas soltas Andam cortando meu coração. Tanta saudade, e, no entretanto, Vejo-te linda nos sonhos meus; Ajoelhada, banhada em pranto, E de mãos postas aos pés de Deus. Sempre a meus olhos, estás bonita Qual uma rosa, como um jasmim! Porém conheço que estás aflita, Com o pensamento junto de mim. Então, entrego-me ao meu desejo, Tremo de anseio, calo, sorrio, Sentindo o anélito do teu beijo... Mas abro os olhos no ar vazio! Vai-se-me o sonho... Quanta amargura, Que sinto esparsa pelo caminho! Que mágoa eterna! que desventura, Para quem segue triste e sozinho. Volta depressa! guardo-te flores, Porque só vivo pensando em ti: Celebraremos nossos amores, Junto da fonte que canta e ri. Já não suporto tantos cansaços!... Se não voltares, pede a Jesus Que te conceda pôr-me em teus braços, Foge comigo para outra luz!..."
João de Deus,O Leproso,"Dizia o pobre leproso: Senhor! Não tenho mais vida. Sou uma pútrida ferida Sobre o mundo desditoso! Mas o anjo da esperança Responde-lhe com brandura: — Meu filho, espera a ventura Com fé, com perseverança. Se teu corpo é lama e pus Em meio dos sofrimentos, Tua alma é réstea de luz Dos eternos firmamentos."
João de Deus,Bondade,"Vê-se a miséria desditosa Perambulando numa praça; Sob o seu manto de desgraça Clama o infortúnio abrasador. Eis que a Fortuna se lhe esconde; E passa o gozo, muito ao largo; E ela chora, ao gosto amargo, O seu destino, a sua dor. Mas eis que alguém a reconforta: É a bondade. Abre-lhe a porta; E a fada, à luz dessa manhã, Diz-lhe, a sorrir: — Tens frio e fome? Pouco te importe qual meu nome, Chega-te a mim: sou tua irmã."
João de Deus,Oração,"A Ti, Senhor, Meu coração Imerso em dor Aflito vem, Pedindo a luz, Pedindo o bem E a salvação. Pedir a quem, Senão a Ti, Cuja bondade Me sorri E me conduz A imensidade Da perfeição? És a piedade Divina e pura Que à criatura Dá luz e pão. Sou eu, somente, O impenitente Na expiação. Em Ti, portanto, Confio e espero, De Ti eu quero Me aproximar! Consolo santo, Para o meu pranto Venho implorar. Bem sei, Senhor, Se sofro e choro, Se me demoro No padecer, É porque andei Longe do Amor, No meu viver. O Amor é a lei, Que me ensinaste E que deixaste Aos irmãos teus! Pra que eu pudesse, Ditosamente, Buscar os Céus. Assim, contente, Cheio de unção, Elevo a prece Do coração, A Ti, Senhor, Rogando amor, Paz e perdão!"
João de Deus,A Fortuna,"Anda a Fortuna por uma praça, Fala à Ventura com riso irmão, E mais adiante topa a Desgraça, E altiva e rude lhe esconde a mão. Vaidosa e bela, dá preferência Ao torpe egoísmo acomodatício, E entre as virtudes, na existência, Escolhe sempre flores do vício. E assim prossegue na desmarcada Carreira louca do vão prazer, Como perdida, e já sepultada, No esquecimento do próprio ser. Depois, cansada e já comovida, Quando só pede luz e amor, Acorre a Morte por dar-lhe a Vida, E vem a Vida por dar-lhe a Dor."
João de Deus,Oração,"Vós que sois a mãe bondosa De todos os desvalidos Deste vale de gemidos. Mãe piedosa!... Sublime estrela que brilha No céu da paz, da bonança, Do céu de toda a esperança — Maravilha! Maria! — consolação Dos pobres, dos desgraçados, Dos corações desolados Na aflição, Compadecei-vos, Senhora, De tão grandes sofrimentos, Deste mundo de tormentos, Que apavora. Livrai-nos do abismo tredo Dos males, dos amargores, Protegei os pecadores No degredo. Estendei o vosso manto De bondade e de ternura, Sobre tanta desventura, Tanto pranto! Concedei-nos vosso amor, A vossa misericórdia, Dai paz a toda discórdia, Trégua à dor!... Vós que sois Mãe carinhosa Dos fracos, dos oprimidos Deste vale de gemidos, Mãe bondosa! Oração: Pai de Amor e Caridade, Que sois a terna demência E de todas as criaturas Carinhosa Providência! Que os homens todos vos amem, Que vos possam compreender, Pois tendo ouvidos não ouvem, E vendo não querem ver."
João de Deus,Além,"Além da sepultura, a nova aurora Luminosa e divina se levanta; Lá palpita a beleza onde a alma canta, A luz do amor que vibra e revigora. Ó corações que a lágrima devora, Prisioneiros da dor que fere e espanta, Tende na vossa fé a bíblia santa, E em vossa luta o bem de cada hora. Além da morte, a vida tumultua, O trabalho divino continua... Vida e morte — exultai ao bendizê-las! Esperai nos tormentos mais profundos, Que a este mundo sucedem-se outros mundos, E às estrelas sucedem-se as estrelas!"
João de Deus,Soneto,"Como outrora, entre ovelhas desgarradas, O coração tocado de agonias, O Mestre chora como Jeremias, Vendo o mundo nas lutas condenadas. Sempre a miséria e a dor nos vossos dias! Sempre a treva nas míseras estradas... Preces infindas e desesperadas, Do caminho de lágrimas sombrias... Dois milênios contando o grande ensino Do Amor, o luminoso bem divino, Sobre as desolações do mundo velho... Mas, em todos os tempos é a vaidade No egoísmo da triste Humanidade, Demorando as vitórias do Evangelho."
João de Deus,A Prece,"O Senhor da Verdade e da Clemência Concedeu-nos a fonte cristalina Da prece, água do amor, pura e divina, Que suaviza os rigores da existência. Toda oração é a doce quinta-essência Da esperança ditosa e peregrina, Filha da crença que nos ilumina Os mais tristes refolhos da consciência. Feliz o coração que espera e ora, Sabendo contemplar a eterna aurora Do Além, pela oração profunda e imensa. Enquanto o mundo anseia, estranho e aflito, A prece alcança as bênçãos do Infinito, Nos caminhos translúcidos da Crença."
João de Deus,Fraternidade,"Fraternidade é árvore bendita, Cujas flores e ramos de esperança Buscam a luz eterna que se agita, Rumo ao país ditoso da bonança. É a fonte cristalina em que descansa A alma humana fraca, errante e aflita; É a luminosa bem-aventurança Da mensagem de Deus, pura e infinita!... Vós que chorais ao coro das procelas, Vinde, irmãos! Desdobrai as vossas velas!... Não vos sufoque o horror da tempestade Fraternidade é o derradeiro porto, A terra da união e do conforto, Que habitaremos na Imortalidade."
João de Deus,Lembrai a chama,"Vós que buscais além da sepultura A resposta de luz da Eternidade, Nunca olvideis a Excelsa Claridade, Que reside convosco em noite escura. Somos todos a Grande Humanidade, Em direção à Fonte Eterna e Pura, Somos em toda parte a criatura Buscando os dons supremos da Verdade. Tendes convosco a Chama Adormecida... Rogamos acendais a Luz da Vida, Já que buscais mais crença junto a nós! Se quiserdes brilhar nos Outros Planos, Ó torturados corações humanos, Deixai que o Cristo nasça dentro em vós."
João de Deus,Eterna mensagem,"Ainda e sempre o Evangelho do Senhor É a mensagem eterna da Verdade, Senda de paz e de felicidade, Na luz das luzes do Consolador. Nos caminhos da lágrima e da dor, Ante os desfiladeiros da impiedade, Não sabe o coração da Humanidade Beber dessa água límpida do Amor. Mas os túmulos falam pela estrada, Em toda parte fulge uma alvorada Que ao roteiro dos Céus nos reconduz; O Evangelho, na luz do Espiritismo, É a escada de Jacob vencendo o abismo, Trazendo ao mundo o verbo de Jesus."
João de Deus,No Templo da Educação,"Distribuía o Mestre os dons divinos Da luz do seu Espírito sem jaça, E exclama, enquanto a turba observa e passa; — ―Deixai virem a mim os pequeninos!...   É que na alma sincera dos meninos Há uma luz de ternura, amor e graça, De que o Senhor da Paz quer que se faça O sol da nova estrada dos destinos. Vós, que tendes a fé que ama e consola, Fazei do vosso lar a grande escola De justiça, de amor e de humildade! As conquistas morais são toda a glória Que a alma busca na vida transitória, Pelos caminhos da imortalidade."
João de Deus,Na noite de Natal,"— ―Minha mãe, por que Jesus, Cheio de amor e grandeza, Preferiu nascer no mundo Nos caminhos da pobreza? Por que não veio até nós, Entre flores e alegrias, Num berço todo enfeitado De sedas e pedrarias?   — ―Acredito, meu filhinho, Que o Mestre da Caridade Mostrou, em tudo e por tudo, A luminosa humildade!... As vezes, penso também Nos trabalhos deste mundo, Que a Manjedoura revela Ensino bem mais profundo!   E a pobre mãe de olhos fixos Na luz do céu que sorria, Concluiu com sentimento, Em terna melancolia: — ―Por certo, Jesus ficou Nas palhas, sem proteção, Por não lhe abrirmos na Terra As portas do coração."
José do Patrocínio,Nova Abolição,"Prossegue a escravidão implacável e crua... Não mais senzala hostil, escura e desumana. A incompreensão do amor, no entanto, continua Em domínio cruel de que a treva se ufana. Mas a luz do Senhor não teme, nem recua, Na ansiedade e na dor, sublime, se engalana, E, das graças do templo aos sarcasmos da rua, Erige a liberdade augusta e soberana... Irmãos do meu Brasil, encantado e divino, Do Amazonas ao Prata ergue-se a Deus um hino Que exalça no Evangelho a grandeza de um povo! Fustiguemos o mal, combatendo a descrença, Descortinando, além da noite que se adensa, A alvorada feliz de um mundo livre e novo."
Júlio Diniz,O Esposo da Pobreza,"Francisco de Assis, um dia, Assim que deixara a orgia No castelo, Entregou-se à Natureza, A uma vida de aspereza Num canto doce e singelo. Abandonara a vaidade, Buscando a paz da humildade, A santa luz da harmonia; E nas horas de repouso, Francisco em estranho gozo A voz de Jesus ouvia: — ―Filho meu, faze-te esposo Da pobreza desvalida, Emprega toda a tua vida Na doce faina do bem. Francisco, ouve, ninguém Vai aos Céus sem a bondade, Que é a grande felicidade De todos os corações. Esquece as imperfeições! ... Vai, conforta os desgraçados, Sedentos e esfomeados, Flagelados pela dor. Quem alivia e consola, Recebe também a esmola Das luzes do meu amor!‖ Francisco chorava e ria, E em divinal alegria Via os lírios e os jasmins, Que não fiam, que não tecem, Com roupagens que parecem Vestidos de Serafins; As aves que não trabalham E no entanto se agasalham, Nos celeiros da fartura, Saltando de galho em galho, Buscando a graça do orvalho, Bênção do Céu, doce e pura. Via a terra enverdecida Exaltando a força e a vida, A seiva misteriosa No seio dos vegetais, E a ânsia cariciosa Das almas dos animais. E sobretudo, inda via, A sacrossanta harmonia Do coração sofredor, Que não tendo amor nem luz, Tem tesouros de esplendor No terno amor de Jesus. Francisco de Assis, então, Submerso o coração Em sublimes alegrias, Entregou-se às harmonias Vibrantes da Natureza, Tornou-se o amparo da dor E guiado pelo amor Fez-se o Esposo da Pobreza..."
Júlio Diniz,Poesia,"Poesia da Natureza Embalsamada de olores, Ornamentada de flores Que os meus encantos resume; Poema de singeleza Esplendente e delicada, Como raios de alvorada Cheia de luz e perfume! Suavidade e doçura Das rosas, das margaridas, Das lindas sebes floridas Nos dias primaveris: Radiosidade e frescura, Fragrâncias, amenidade, Aromas, alacridade Dos cenários pastoris! As cotovias cantando, As ovelhinhas balindo, As criancinhas sorrindo Na alegria das manhãs; Jovens felizes amando Entre arroubos de ternura, Caridosa ventura No abril das almas irmãs. Belezas de canto agreste Nas urzes da Terra escura, Tão cheia de desventura; Entretanto, imaginai A Natureza celeste Longe da Terra sombria, Na glória do Eterno Dia Do reino de Nosso Pai. Ó Terra, quanto eu quisera Unir-te toda à poesia, À mesma santa harmonia Que te prende à luz dos Céus, Nessa mesma primavera Dos rutilantes espaços, Em que me sinto nos braços Do amor sagrado de Deus."
Júlio Diniz,Aves e anjos,"Passarinhos... passarinhos... Aconchegados nos ninhos, Lares de amor doce e brando, Pequeninos trovadores Entre as árvores e as flores, Cantando... Cantando... Crianças, anjos suaves, Mimosas quais bandos de aves Cortando um céu claro e lindo, Açucenas perfumadas, Com as pétalas orvalhadas, Sorrindo.... Sorrindo... Hino terno de esperanças Das aves e das crianças, Vai-se com a luz misturando, Tecendo as horas serenas Das alegrias terrenas, Sorrindo...Cantando..."
Raimundo Correia,Sonetos,"Tudo passa no mundo, O homem passa Atrás dos anos sem compreendê-los; O tempo e a dor alvejam-lhe os cabelos, À frouxa luz de uma ventura escassa. Sob o infortúnio, sob os atropelos Da dor que lhe envenena o sonho e a graça, Rasga-se a fantasia que o enlaça, E vê morrer seus ideais mais belos!... Longe, porém, das ilusões desfeitas, Mostra-lhe a morte vidas mais perfeitas, Depois do pesadelo das mãos frias... E como o anjinho débil que renasce, Chora, chora e sorri, qual se encontrasse A luz primeira dos primeiros dias.  Ah!... se a Terra tivesse o amor, se cada Homem pensasse no tormento alheio, Se tudo fosse amor, se cada seio De mãe nutrisse os órfãos... Se na estrada Do contraste e da dor houvesse o anseio Do bem, que ampara a vida torturada, Que jamais viu um raio de alvorada Dentro da noite eterna que lhe veio Do sofrimento que ninguém conhece... Ah! se os homens se amassem nessa estância A dor então desapareceria... A existência seria a ardente prece Erguida a Deus do seio da abundância, Entre os hinos da paz e da alegria."
Raul de Leoni,Luta,"Aí na Terra, as bem-aventuranças São o sonho que o Espírito agasalha, Mas, mesmo após a morte, a alma trabalha Buscando o céu das suas esperanças. Muita vez, quando pensas que descansas, Além te espera indômita batalha, Onde o suposto gozo se estraçalha Sob o guante acerado das provanças. Para cá do sepulcro a dor antiga, Que nos traz o desânimo, a fadiga, Sob a luz da verdade se atenua; A febre das paixões desaparece, O Espírito a si mesmo reconhece, Mas a luta infinita continua."
Raul de Leoni,Na Terra,"Renascendo no mundo da Quimera, Ao colhermos a flor da juventude, É quando o nosso Espírito se ilude, Julgando-se na eterna primavera. Mas o tempo na sua mansuetude, Pelas sendas da vida nos espera, Junto à dor que esclarece e regenera, Dentro da expiação estranha e rude. E ao tombarmos no ocaso da existência, Nós revemos do livro da consciência Os caracteres grandes, luminosos!. Se vivemos no mal, quanta agonia! Mas se o bem praticamos todo o dia, Como somos felizes, venturosos!..."
Raul de Leoni,Soneto,"Não te entregues na Terra à indiferença. Cheio de amor e fé, trabalha e espera; Nos domínios do mal, nada há que vença A alma boa, a alma pura, a alma sincera. No pensamento nobre persevera De servir, sempre alheio à recompensa; O desejo do Bem dilata a esfera Das luzes sacratíssimas da Crença. Vive nas rutilantes almenaras Dos castelos do Amor de essências raras, Aspirando os olores da Pureza!... Terás na Terra, então, a vida calma... E a morte não será, para a tua alma, Jamais medonha e trágica surpresa."
Raul de Leoni,Nós,"Nós todos vamos pela vida em fora Deixando no caminho os mesmos traços, Em Deus buscando a Perfeição que mora No cume inatingível dos Espaços!... Cada instante de dor nos aprimora, Desatando os grilhões, rompendo os laços Dessa animalidade atrasadora, Que procura tolher os nossos passos. Heróis de novas lendas carlovíngias, O Sonho imanta as nossas almas, cinge-as, Na Luz Ideal — o nosso excelso escudo; Buscando o Indefinível, o Insondado, Deus, que é o Amor eterno e ilimitado E a gloriosa síntese de tudo."
Raul de Leoni,""Post Mortem"","Depois da morte, tudo aqui subsiste, Neste Além que sonhamos, que entrevemos, Quando a nossa alma chora nos extremos Dessa dor que no mundo nos assiste. Doce consolação, porém, existe Aos amargosos prantos que vertemos, Do conforto celeste os bens supremos Ao coração desalentado e triste. Também existe aqui a austera pena A consciência infeliz que se condena, Por qualquer erro ou falta cometida; E a Morte continua eliminando A influência do mal, torvo e nefando, Para que brilhe a Perfeição da Vida."
Raul de Leoni,"Soneto II","Se todos nós soubéssemos na vida A Verdade grandiosa e soberana, Não faltaria o gozo que promana Dos sentimentos da missão cumprida. Mas na Terra a nossa alma empobrecida, Presa dessa vaidade toda humana, De desgraças e de erros se engalana Numa incerteza amarga, irreprimida... Vamos passando assim a vida inteira, Sem esposar a crença imorredoura, A fé demolidora de montanhas, Quase imersos na treva da cegueira, Sem vislumbrar a luz orientadora, Nessa noite de dúvidas estranhas!..."
Alberto de Oliveira,Jesus,"Quanta vez, neste mundo, em rumo escuro e incerto, O homem vive a tatear na treva em que se cria! Em torno, tudo é vão, sobre a estrada sombria, No pavor de esperar a angústia que vem perto!... Entre as vascas da morte, o peito exangue e aberto, Desgraçado viajor rebelado ao seu guia, Desespera, soluça, anseia e balbucia A suprema oração da dor do seu deserto. Nessa grande amargura, a alma pobre, entre escombros, Sente o Mestre do Amor que lhe mostra nos ombros A grandeza da cruz que ilumina e socorre; Do mundo é a escuridão, que sepulta a quimera... E no escuro bulcão só Jesus persevera, Como a luz imortal do amor que nunca morre."
Alberto de Oliveira,Ajuda e Passa,"Estende a mão fraterna ao que ri e ao que chora: O palácio e a choupana, o ninho e a sepultura, Tudo o que vibra espera a luz que resplendora, Na eterna lei de amor que consagra a criatura. Planta a bênção da paz, como raios de aurora, Nas trevas do ladrão, na dor da alma perjura; Irradia o perdão e atende, mundo afora, Onde clame a revolta e onde exista a amargura. Agora, hoje e amanhã, compreende, ajuda e passa; Esclarece a alegria e consola a desgraça, Guarda o anseio do bem que é lume peregrino... Não troques mal por mal, foge à sombra e à vingança, Não te aflija a miséria, arrima-te à esperança. Seja a bênção de amor a luz do teu destino."
Alberto de Oliveira,Do Último Dia,"O homem, no último dia, abatido em seu horto, Sente o extremo pavor que a morte lhe revela; Seu coração é um mar que se apruma e encapela, No pungente estertor do peito quase morto. Tudo o que era vaidade, agora é desconforto. Toda a nau da ilusão se destroça e esfacela Sob as ondas fatais da indômita procela, Do pobre coração, que é náufrago sem porto. Somente o que venceu nesse mundo mesquinho, Conservando Jesus por verdade e caminho, Rompe a treva do abismo enganoso e perverso! Onde vais, homem vão? Cala em ti todo alarde, Foge dessa tormenta antes que seja tarde: Só Jesus tem nas mãos o farol do Universo."
Artur Azevedo,Miniaturas da Sociedade elegante,"Adriano Gonçalves de Macedo, Homem de cabedais e alma sem siso, Penetrou no seu quarto com um sorriso As dez horas da noite, muito a medo. Uma carta de amante — era um segredo — Ia abri-la, e, assim, era preciso Que a sua esposa, dama de juízo, Não na visse nem mesmo por brinquedo: Dona Corália Augusta Colavida Estaria nessa hora recolhida? Levantou a cortina, devagar... Mas, que tragédia após esse perigo... Viu que a esposa beijava um seu amigo, Sobre o divã, da sala de jantar. No belo palacete do Furtado, Palestrava a galante Mariquita Com um pelintra afetado, assaz catita, Bacharel delambido e enamorado. De sobre a grande cômoda bonita, Toma o moço um livrinho encadernado, Revirando-o nas mãos, interessado, Mas a jovem retoma-o, muito aflita: - ―Esse livro, Antonico, é meu breviário!‖ Diz inquieta. E ele, cínico e falsário, Arrebata-o às frágeis mãos trementes Abriu-o. Mais o olhava e mais se ria... Era um compêndio de pornografia, Recamado de quadros indecentes. Dom Castilho, notável latinista, Realizara alentada conferência, Sobre rígido assunto moralista, Protegido dos membros da regência. Foi um sucesso. E a esposa Ana Fulgência, Nele via uma grande alma de artista, Louvando-lhe a utilíssima existência De homem probo e notável publicista. Que primor de moral! e os companheiros Escritores, poetas, conselheiros, Foram levar-lhe um abraço camarada. Numa corrida louca, esses senhores Foram achá-lo em seus trajes menores, No apartamento escuro da criada..."
Augusto de Lima,O doce missionário,"Sertão hostil. Agreste serrania. Tendo por companhia A cruz do Nazareno, humilde e solitário, Ali vivia Anchieta, o doce missionário, Carinhoso pastor, espelho de bondade, Abençoando o bem, perdoando a maldade, Servo amado de Deus, imitador de Assis, Que na humildade achara a vida mais feliz. Naquele dia, Era intenso o calor. Ninguém! Nem uma sombra se movia, Tudo era languidez, desânimo e torpor. Além se divisava a solidão da estrada, Amarela de pó, tristonha e desolada. Na clareira, onde o Sol feria os vegetais, Viam-se florescer bromélias e boninas, E, elevando-se aos céus, esguios espinhais Implorando piedade às amplidões divinas... Eis que o irmão de Jesus, o humilde pegureiro Avista um mensageiro. Dirige-se-lhe a casa, Pisando vagaroso o chão que o Sol abrasa. — ―Meu protetor — diz ele —, o bom pajé, Convertido por vós à luz da vossa fé, Que tem oferecido a Deus o seu amor, Agoniza na taba, ao longe, em aflição. Ele espera de vós a paz do coração E implora lhe leveis a bênção do Senhor.‖ - ―Oh! doce filho meu, que vindes de passagem, Que Jesus vos ampare, ao termo da viagem...‖ E isso dizendo, o pastor prestamente Toma da humilde cruz do Mártir do Calvário, Abandonando o ninho agreste e solitário, Para arrancar à dor o pobre penitente. Há solidão na estrada, Ferem-lhe os pés as pontas dos espinhos. Que penosa jornada, Em tão rudes e aspérrimos caminhos! ... Pairam no ar excessos de calor, Nem árvores umbrosas e nem fontes, Somente o Sol ferino e destruidor, Que calcina, inflamando os horizontes. Eis que a sede o devora; Entretanto, o pastor não se deplora; A terna e meiga efígie de Jesus É-lhe paz e alimento, amparo e luz. Numa férvida prece, Ele ainda agradece: — ―Sê bendito, Senhor, por tudo o que nos dás, Seja alegria ou dor, tudo é ventura e paz. Eu vejo-te no alvor das manhãs harmoniosas, No azulíneo do céu, no cálice das rosas, Na corola de luz de todas as florinhas, No canto, todo amor, das meigas avezinhas, Na estação outonal, na loura Primavera, No coração do bom, que te ama e te venera, Na vibração dos sons, na irradiação da luz, Na dor, no sofrimento, em nossa própria cruz... Tudo vive a mostrar tua pródiga bondade, Eterno Pai de amor, de luz e caridade. Abençoados são o Inverno que traz frio E os calores do Sol nas estações do estio...‖ Terminando a sorrir a espontânea oração, Inspirada em tão santa devoção, Anchieta escuta em torno os mais sutis rumores. Eis que nos arredores Congregam-se apressadas Todas as avezinhas, E, asas aconchegadas, Juntinhas, Numa ideal combinação Formam um pálio protetor, Cobrindo o doce irmão Que ia ofertar amor, Luz e consolação, Em nome do Senhor. Pelos caminhos, Foi-se aumentando O alado bando Dos bondosos e ternos passarinhos, Aureolando com amor o Discípulo Amado, Modesto, casto, humilde e isento de pecado, Que ia seguindo, Lábios sorrindo, Em meiga mansuetude. O enviado do Bem e da Virtude Agradecia ao Céu, o coração em luz, Evolando-se puro ao seio de Jesus. Chegara ao seu destino. Ia caindo o dia No poente de paz e de harmonia, Brilhava nova luz, feita de crença e amor: Era a bênção dos Céus, a bênção do Senhor."
Augusto de Lima,O santo de Assis,"No suave mistério dos espaços, Santa Maria dos Anjos inda existe, Com a mesma luz divina dos seus traços, Glorificando as dores da alma triste, Repartindo a Virtude, a Graça e os Dons Que a palavra divina do Cordeiro Prometeu aos pacíficos e aos bons Do mundo inteiro... Uma nova Porciúncula, dourada Pelos astros de mística alvorada, Aí se rejubila, Sob a paz de Jesus, terna e tranqüila, Derramando no Além ignorado Os sonhos de Virtude e Perfeição, Daquela mesma Umbria do passado, Cheia de encantamento e de oração. A luz dos sóis da etérea Natureza, Numa doce e ideal Eucaristia, O Esposo da Pobreza No seu manto de amor e de alegria Inda abre os braços para os pecadores... ―Irmão Sol, irmãos Anjos, irmãs Flores, Não nos cansemos de glorificar A caridade imensa do Senhor, Sua sabedoria e seu amor, Procurando salvar Os nossos irmãos Homens mergulhados Entre as noites sombrias dos Pecados!... E à voz suave e dúlcida do Santo, A Terra escura e triste se povoa De anjos de amor, que enxugam todo o pranto E que levam consigo Todo o consolo amigo Da Esperança no Céu, singela e boa... Das paragens etéreas Da sua ideal igreja, São Francisco de Assis abraça e beija O homem que sofre todas as misérias, Amparando-lhe a alma combalida Nos desertos de lágrimas da Vida... E o conduz Ao regaço divino de Jesus!... Santo de Assis, divino ―poverello‖, Nas amarguras do meu pesadelo De vaidade do mundo, que devasta Todo o bem, vi tua luz singela e casta Beijando as minhas lepras asquerosas... Uma chuva de lírios e de rosas Lavou-me o coração de pecador E guardei para sempre o teu amor. Santo de Assis, irmão da Caridade, Que me curaste as lepras e a cegueira, Depois da morte, à luz da imensidade, Quero ainda abençoar-te a vida inteira..."
Juvenal Galeno,Pobres,"Mal clareia o Sol a serra, Toca a vida a despertar: O pobre se pôs há muito, Sem descanso, a labutar. Ao levantar-se da cama, Inda é espessa a escuridão, A fome lhe bate à porta, Persegue-lhe a precisão. Ao acordar, ele escuta O coração a gritar: ―Quem não trabuca não come, Já chega de repousar!‖ Busca, então, o seu trabalho, Tudo ajeita, tudo faz, Rasga a terra, corta os matos, Luta e sua, não tem paz. Planta o milho, planta a cana, Batatas, couves, feijão; Três quartas partes de tudo Pertencem ao seu patrão. Quando a semente germina E os ramos querem crescer, Vem a seca sem piedade E o pobre espera chover. Não vem a chuva, porém; Nada existe no paiol, As plantas já se amarelam, Arde a terra, queima o Sol. Quando o pobre vai à mesa, O estômago pede mais, Mas se quer repetições, Que cuide dos mandiocais. Redobra o pobre os serviços, Espalha o pé nos gerais, Ah! que a água já está pouca Nos rios, nos seringais. Contudo, ele espera sempre Do Deus que o ama, que o vê, E sempre resignado, O pobre nunca descrê. O certo é que ao fim do tempo De constante batalhar, Aguarda a minguada espiga Que decerto há de ficar. Plenamente contentado Com o pouco do seu suor, Deus lhe dará no outro ano Uma colheita melhor. Se geme, se sofre dor, Não possui um só real Pra consultar um doutor. Então, resolve pedir Ao patrão que sempre o tem, Mas o patrão avarento Não adianta vintém. Arrasta-se e vai ao médico E lhe expõe o seu sofrer: ―Não tem recomendações? Então não posso atender.‖ O pobre, humilde e paciente, Regressa para o seu lar, E pensa nos outros meios Da saúde lhe voltar. E põe em prática os meios: As beberagens, o chá, As promessas aos seus santos, Os vinhos de jatobá. Ai! que sorte rude e amarga Do pobre sempre a sofrer: Se vive para o trabalho, Trabalha para comer. Se a morte vem ao seu ninho E lhe rouba o filho, os pais, Não lhes pode dar a missa, Que o padre cobra demais. Dá-lhes porém seu tesouro, Sublime estrela que brilha Da mais rica devoção — A prece que nasce dalma, Que fulge no coração. Mesmo assim, quanta tortura, Que amargosa a sua dor! A todo o instante da vida Luta o pobre sofredor. Se tem pão não tem saúde, Se tem saúde, não tem Quem o ampare, quem o ajude, O braço amigo de alguém. Se outrem lhe ofende e ele pede Da Justiça a punição, A Justiça o encarcera Com a sua reprovação. Não tem casas de morada, Nem terrenos, nem ovil; Se lhe falta o pão do dia Falta azeite no candil. Se bate à porta do rico, Mormente dum rico mau, Os cães o tocam da porta, E em vez de pão, ganha pau. O pobre só tem na vida A doce mão de Jesus, Que o cura na enfermidade, Que na treva lhe dá luz. Mal do pobre se não fora. O carinho dessa mão, Que o conforta na desgraça E ampara na provação. Mal dele se não houvesse A vida depois da dor, Após a morte, onde existem Justiça, ventura, amor."
Juvenal Galeno,Sextilhas,"Quando a morte chega em casa, A casa faz alarido, Parece até que se arrasa Sob as chamas de um incêndio; O povo está reunido Quando a morte chega em casa. Ela vem buscar alguém, De quem precisa por certo; Não se importa com ninguém Que chore ou que se lastime, Esteja distante ou perto, Ela vem buscar alguém. A morte não quer saber Se é preto como urubu, Se aquele que vai morrer É branco qual uma garça, Se tem pratas no baú, A morte não quer saber. Não lhe pergunta qual é A sua religião, Se Sancho, Pedro ou José É o seu nome de batismo, Nem a sua profissão Não lhe pergunta qual é. Não quer saber se ele tem Uma candeia com luz, Se pratica o mal ou o bem, Se tem mais fé com o demônio Do que mesmo com Jesuz, Não quer saber se ele tem. Nem procura examinar Se tem filhos ou mulher; Se esse alguém vai-se casar, Se tem pai e se tem mãe, Nada disso a morte quer, Nem procura examinar. Para a morte não existe Anéis de grau de doutor, Nem homem alegre ou triste, Nem mulher bonita ou feia, Saúde, beleza e dor, Para a morte não existe. Para o pobre, para o rico Nunca tem contemplação; Como o corvo bate o bico Por cima de um peixe podre, Ela vem de supetão Para o pobre, para o rico... O cristão ou o pecador Ela conduz sem ruído, Não perde tempo em clamor, Em atenções e conversas, Leva sem tempo perdido O cristão ou o pecador. O que segue vai com unção, Rogando com fervor terno Ao santo da devoção Que o afaste do diabo E dos horrores do inferno, O que segue vai com unção. Mas ele mesmo é quem faz Os prantos ou gozos seus; Na tempestade ou na paz, Essa questão de ficar Com Satanás ou com Deus, É ele mesmo quem faz."
Juvenal Galeno,De cá,"Que amargo era o meu destino!... Tristezas no coração, Tateando dificilmente No meio da escuridão... Viver na Terra e somente Remando contra a maré, Com receio de ir ao fundo... Nem tão boa coisa é. Esta vida de sofrer Trinta dias cada mês, Entremeados de prantos, Há quem estime? Talvez... Mas para mim que só fui, Galeno sem nó, galé, Tantas dores em conjunto, Nem tão boa coisa é. Sentir as disparidades Das vidas cheias de dor, O mal sufocando o mundo, Marchando com destemor: Ver o rico andar de coche E o pobre correndo a pé, Tantas misérias sentir... Nem tão boa coisa é. O pranto ferve na Terra, Salta aqui, salta acolá, Nas guerras de toda parte, Nas secas do Ceará; Meus irmãos de Fortaleza, Do Crato, do Canindé, Ver uns rindo e outros chorando, Nem tão boa coisa é. Ah! morrer e ainda sentir Saudades da escravidão, Da carne, do desconforto, Da treva, da ingratidão... Não é possível porque, Pobre filho da ralé, Casar-se com a desventura Nem tão boa coisa é. Mas falar demais agora, Já não é próprio de mim, Não vou gastar minha cera Com tanto defunto ruim; Patetice é ensinar Verdade aos homens sem fé. Jogar pérolas a tolos, Nem tão boa coisa é."
Luiz Guimarães Júnior,Soneto,"Na escuridão dos anos procelosos, Da velhice nos dias mal vividos, Eu quisera voltar aos tempos idos Da juventude, aos tempos bonançosos. Mal podia julgar que inda outros gozos Mais sublimes que aqueles já fruídos, Nas esteiras de prantos esquecidos, Acharia nos céus maravilhosos. Pairar no Além!... volver ao lar primeiro, Ressurgido em perene mocidade, Clarão de paz ao pobre caminheiro! No limiar das amplidões da Altura Penetrei, vislumbrando a Imensidade, Soluçando empolgado de ventura."
Luiz Guimarães Júnior,Voltando,"Após a longa e frígida nortada Da existência no mundo de invernia, Busquei contente a paz que me sorria No fim da áspera senda palmilhada. Voltei. Nova era a vida, nova a estrada Que minhalma extasiada percorria; Divinal era a luz que resplendia, Em revérberos lindos de alvorada. De volta, e os mesmos seres que me haviam Ofertado na Terra amores santos, Envoltos em ternuras e em carinhos, Novamente no Além me ofereciam Lenitivo às agruras dos meus prantos, Nas carícias risonhas dos caminhos."
Múcio Teixeira,Honra ao trabalho,"Trabalha e encontrarás o fio diamantino Que te liga ao Senhor que nos guarda e governa, Ante cuja grandeza o mundo se prosterna, Buscando a solução da dor e do destino. Desde o fulcro solar ao fundo da caverna, Da beleza do herói ao verme pequenino, Tudo se agita e vibra, em cântico divino Do trabalho imortal, brunindo a vida eterna!... Tudo na imensidão é serviço opulento, Júbilo de ajudar, luta e contentamento, Desde a flor da montanha às trevas do granito. Trabalha e serve sempre, alheio à recompensa, Que o trabalho, por si, é a glória que condensa O salário da Terra e a bênção do Infinito."
